{
  "Z": 0.8841660022735596,
  "best_Z_so_far": 0.8822601437568665,
  "best_iter_so_far": 309,
  "case_id": "face_002__add_headphones",
  "clean_edit_embedding_norm": 1.0,
  "combined_max_disp_px": 2.9162704944610596,
  "combined_mean_disp_px": 0.6708167195320129,
  "combined_p95_disp_px": 1.5774407386779785,
  "components_at_boundary": "dct",
  "dct_clipped_high_fraction": 2.4159749955288135e-05,
  "dct_clipped_low_fraction": 0.0020230612717568874,
  "dct_coefficient_delta_l1": 0.005627632141113281,
  "dct_coefficient_delta_l2": 0.01928134821355343,
  "dct_dc_energy": 21.739702224731445,
  "dct_enabled": 1,
  "dct_frequency_mask_mode": "all_ac",
  "dct_gain_grad_norm": 0.007988722994923592,
  "dct_gain_l2": 6.275582790374756,
  "dct_gain_max": 0.5,
  "dct_gain_mean": -0.0346464179456234,
  "dct_gain_mean_abs": 0.4400555491447449,
  "dct_gain_min": -0.5,
  "dct_high_frequency_energy_after": 5.453462290461175e-05,
  "dct_high_frequency_energy_before": 5.3654057410312817e-05,
  "dct_input_coefficient_energy": 0.3420639932155609,
  "dct_low_frequency_energy_after": 0.014495490118861198,
  "dct_low_frequency_energy_before": 0.015356779098510742,
  "dct_mid_frequency_energy_after": 0.0006115870201028883,
  "dct_mid_frequency_energy_before": 0.00048766055260784924,
  "dct_num_at_max": 58,
  "dct_num_at_min": 74,
  "dct_num_clamped": 132,
  "dct_output_coefficient_energy": 0.34199362993240356,
  "dct_relative_energy_change": -0.00020570210472214967,
  "dct_selected_frequency_count": 189,
  "dct_spatial_delta_l1": 0.011161966249346733,
  "dct_spatial_delta_l2": 0.019181549549102783,
  "dct_spatial_delta_max_abs": 0.3778640925884247,
  "dct_spatial_delta_mse": 0.0003679318760987371,
  "delaunay_enabled": 1,
  "delaunay_grad_norm": 0.003980816807597876,
  "delaunay_max_disp": 2.081205129623413,
  "delaunay_mean_disp": 0.4500437378883362,
  "delaunay_num_at_max": 0,
  "delaunay_num_at_min": 0,
  "delaunay_p95_disp": 1.2417727708816528,
  "delaunay_param_max": 1.7903016805648804,
  "delaunay_param_mean_abs": 0.4944402277469635,
  "delaunay_param_min": -1.6998473405838013,
  "edit_identity_angle_degrees": 27.850936889648438,
  "edit_identity_angle_radians": 0.4860905408859253,
  "edit_identity_cosine_distance": 0.11583399772644043,
  "edit_identity_cosine_similarity_raw": 0.8841660022735596,
  "edit_identity_l2_embedding_distance": 0.48131904006004333,
  "edit_identity_similarity_score_pct": 88.4166030883789,
  "editor_num_inference_steps": 20,
  "face_id": "face_002",
  "fft_phase_enabled": 0,
  "fft_phase_grad_norm": 0.0,
  "fft_phase_max_abs": 0.0,
  "fft_phase_mean_abs": 0.0,
  "fft_phase_norm": 0.0,
  "fft_phase_num_at_max": 0,
  "fft_phase_num_at_min": 0,
  "fft_phase_num_clamped": 0,
  "fft_spatial_delta_mse": 0.0,
  "foldover_fraction": 0.0,
  "fraction_clamped_total": 0.4536082474226804,
  "identity_angle_degrees": 27.850936889648438,
  "identity_angle_radians": 0.4860905408859253,
  "identity_cosine_distance": 0.11583399772644043,
  "identity_cosine_similarity_raw": 0.8841660022735596,
  "identity_l2_embedding_distance": 0.48131904006004333,
  "identity_similarity_score_pct": 88.4166030883789,
  "iter": 975,
  "jacobian_det_min": 0.9666987061500549,
  "l2_to_original": 0.030970212072134018,
  "learning_rate": 0.05,
  "legacy_fft_strength_equivalent": 0.0,
  "loss": 0.8841660022735596,
  "mse_to_original": 0.0009591539856046438,
  "num_at_max_total": 58,
  "num_at_min_total": 74,
  "num_clamped_total": 132,
  "num_total_params": 291,
  "original_embedding_norm": 1.0,
  "peak_vram_gb": 5.326680660247803,
  "perturbed_edit_embedding_norm": 1.0,
  "perturbed_embedding_norm": 1.0,
  "prompt": "add headphones",
  "psnr_to_original": 30.181116642266957,
  "rolling_enabled": 1,
  "rolling_grad_norm": 0.0022100317291915417,
  "rolling_max_disp": 0.13393831253051758,
  "rolling_mean_disp": 0.09218158572912216,
  "rolling_num_at_max": 0,
  "rolling_num_at_min": 0,
  "rolling_p95_disp": 0.13365745544433594,
  "rolling_param_max": 0.0975218266248703,
  "rolling_param_mean_abs": 0.09299853444099426,
  "rolling_param_min": 0.08847524225711823,
  "seconds_elapsed": 7090.300172347575,
  "seconds_iter": 7.399748925119638,
  "seed": 438717,
  "smoothness_tv": 0.013760323636233807,
  "ssim_to_original": 0.9926786422729492,
  "total_geometry_grad_norm": 0.010240963660180569,
  "total_grad_norm": 0.010240963660180569,
  "tps_enabled": 1,
  "tps_grad_norm": 0.004508490674197674,
  "tps_max_disp": 2.091987133026123,
  "tps_mean_disp": 0.6715422868728638,
  "tps_num_at_max": 0,
  "tps_num_at_min": 0,
  "tps_p95_disp": 1.7016777992248535,
  "tps_param_max": 1.8424878120422363,
  "tps_param_mean_abs": 0.3860415816307068,
  "tps_param_min": -2.051487922668457
}
