{
  "Z": 0.8839063048362732,
  "best_Z_so_far": 0.8835235238075256,
  "best_iter_so_far": 56,
  "case_id": "face_002__add_headphones",
  "clean_edit_embedding_norm": 1.0,
  "combined_max_disp_px": 1.8501360416412354,
  "combined_mean_disp_px": 0.5172587633132935,
  "combined_p95_disp_px": 1.220857858657837,
  "components_at_boundary": "dct",
  "dct_clipped_high_fraction": 1.3987223610456567e-05,
  "dct_clipped_low_fraction": 0.002094268798828125,
  "dct_coefficient_delta_l1": 0.004927353467792273,
  "dct_coefficient_delta_l2": 0.018296431750059128,
  "dct_dc_energy": 21.736474990844727,
  "dct_enabled": 1,
  "dct_frequency_mask_mode": "all_ac",
  "dct_gain_grad_norm": 0.009107762947678566,
  "dct_gain_l2": 5.70853853225708,
  "dct_gain_max": 0.5,
  "dct_gain_mean": -0.02542373538017273,
  "dct_gain_mean_abs": 0.3842129111289978,
  "dct_gain_min": -0.5,
  "dct_high_frequency_energy_after": 5.8923942560795695e-05,
  "dct_high_frequency_energy_before": 5.892042099731043e-05,
  "dct_input_coefficient_energy": 0.34202098846435547,
  "dct_low_frequency_energy_after": 0.015208965167403221,
  "dct_low_frequency_energy_before": 0.015351532027125359,
  "dct_mid_frequency_energy_after": 0.0005884419661015272,
  "dct_mid_frequency_energy_before": 0.0005020938697271049,
  "dct_num_at_max": 44,
  "dct_num_at_min": 54,
  "dct_num_clamped": 98,
  "dct_output_coefficient_energy": 0.34203606843948364,
  "dct_relative_energy_change": 4.409078974276781e-05,
  "dct_selected_frequency_count": 189,
  "dct_spatial_delta_l1": 0.0102623850107193,
  "dct_spatial_delta_l2": 0.018195221200585365,
  "dct_spatial_delta_max_abs": 0.45396721363067627,
  "dct_spatial_delta_mse": 0.00033106605405919254,
  "delaunay_enabled": 1,
  "delaunay_grad_norm": 0.004296316299587488,
  "delaunay_max_disp": 1.232344150543213,
  "delaunay_mean_disp": 0.2988992929458618,
  "delaunay_num_at_max": 0,
  "delaunay_num_at_min": 0,
  "delaunay_p95_disp": 0.7658196687698364,
  "delaunay_param_max": 1.2347393035888672,
  "delaunay_param_mean_abs": 0.39247581362724304,
  "delaunay_param_min": -0.9366225600242615,
  "edit_identity_angle_degrees": 27.882768630981445,
  "edit_identity_angle_radians": 0.4866461157798767,
  "edit_identity_cosine_distance": 0.1160936951637268,
  "edit_identity_cosine_similarity_raw": 0.8839063048362732,
  "edit_identity_l2_embedding_distance": 0.48185837268829346,
  "edit_identity_similarity_score_pct": 88.39063262939453,
  "editor_num_inference_steps": 20,
  "face_id": "face_002",
  "fft_phase_enabled": 0,
  "fft_phase_grad_norm": 0.0,
  "fft_phase_max_abs": 0.0,
  "fft_phase_mean_abs": 0.0,
  "fft_phase_norm": 0.0,
  "fft_phase_num_at_max": 0,
  "fft_phase_num_at_min": 0,
  "fft_phase_num_clamped": 0,
  "fft_spatial_delta_mse": 0.0,
  "foldover_fraction": 0.0,
  "fraction_clamped_total": 0.33676975945017185,
  "identity_angle_degrees": 27.882768630981445,
  "identity_angle_radians": 0.4866461157798767,
  "identity_cosine_distance": 0.1160936951637268,
  "identity_cosine_similarity_raw": 0.8839063048362732,
  "identity_l2_embedding_distance": 0.48185837268829346,
  "identity_similarity_score_pct": 88.39063262939453,
  "iter": 75,
  "jacobian_det_min": 0.9667818546295166,
  "l2_to_original": 0.027860445901751518,
  "learning_rate": 0.05,
  "legacy_fft_strength_equivalent": 0.0,
  "loss": 0.8839063048362732,
  "mse_to_original": 0.0007762043969705701,
  "num_at_max_total": 44,
  "num_at_min_total": 54,
  "num_clamped_total": 98,
  "num_total_params": 291,
  "original_embedding_norm": 1.0,
  "peak_vram_gb": 5.326680660247803,
  "perturbed_edit_embedding_norm": 1.0,
  "perturbed_embedding_norm": 1.0,
  "prompt": "add headphones",
  "psnr_to_original": 31.100239014379945,
  "rolling_enabled": 1,
  "rolling_grad_norm": 0.003039948409423232,
  "rolling_max_disp": 0.16488759219646454,
  "rolling_mean_disp": 0.07033012807369232,
  "rolling_num_at_max": 0,
  "rolling_num_at_min": 0,
  "rolling_p95_disp": 0.13710343837738037,
  "rolling_param_max": 0.22109921276569366,
  "rolling_param_mean_abs": 0.20991401374340057,
  "rolling_param_min": -0.19872881472110748,
  "seconds_elapsed": 558.966262742877,
  "seconds_iter": 7.088868215680122,
  "seed": 438717,
  "smoothness_tv": 0.0097885150462389,
  "ssim_to_original": 0.9940796494483948,
  "total_geometry_grad_norm": 0.011772849597036839,
  "total_grad_norm": 0.011772849597036839,
  "tps_enabled": 1,
  "tps_grad_norm": 0.005286683794111013,
  "tps_max_disp": 1.1699793338775635,
  "tps_mean_disp": 0.2999253571033478,
  "tps_num_at_max": 0,
  "tps_num_at_min": 0,
  "tps_p95_disp": 0.8121156692504883,
  "tps_param_max": 0.9684012532234192,
  "tps_param_mean_abs": 0.2479037642478943,
  "tps_param_min": -1.152420163154602
}
