{
  "Z": 0.8881959319114685,
  "best_Z_so_far": 0.8836501240730286,
  "best_iter_so_far": 81,
  "case_id": "face_002__add_black_sunglasses",
  "clean_edit_embedding_norm": 1.0,
  "combined_max_disp_px": 5.391870975494385,
  "combined_mean_disp_px": 1.069709062576294,
  "combined_p95_disp_px": 2.5560548305511475,
  "components_at_boundary": "dct",
  "dct_clipped_high_fraction": 2.288818359375e-05,
  "dct_clipped_low_fraction": 0.0015932719688862562,
  "dct_coefficient_delta_l1": 0.004735659342259169,
  "dct_coefficient_delta_l2": 0.014643052592873573,
  "dct_dc_energy": 21.76112937927246,
  "dct_enabled": 1,
  "dct_frequency_mask_mode": "all_ac",
  "dct_gain_grad_norm": 0.009969417005777359,
  "dct_gain_l2": 5.777563095092773,
  "dct_gain_max": 0.5,
  "dct_gain_mean": 0.08341458439826965,
  "dct_gain_mean_abs": 0.39284539222717285,
  "dct_gain_min": -0.5,
  "dct_high_frequency_energy_after": 5.904265708522871e-05,
  "dct_high_frequency_energy_before": 4.2597795982146636e-05,
  "dct_input_coefficient_energy": 0.34238943457603455,
  "dct_low_frequency_energy_after": 0.013945076614618301,
  "dct_low_frequency_energy_before": 0.015414201654493809,
  "dct_mid_frequency_energy_after": 0.0005509860347956419,
  "dct_mid_frequency_energy_before": 0.00045674838474951684,
  "dct_num_at_max": 57,
  "dct_num_at_min": 34,
  "dct_num_clamped": 91,
  "dct_output_coefficient_energy": 0.34222835302352905,
  "dct_relative_energy_change": -0.00047046298277564347,
  "dct_selected_frequency_count": 189,
  "dct_spatial_delta_l1": 0.008602716028690338,
  "dct_spatial_delta_l2": 0.014618412591516972,
  "dct_spatial_delta_max_abs": 0.2508050799369812,
  "dct_spatial_delta_mse": 0.0002136979892384261,
  "delaunay_enabled": 1,
  "delaunay_grad_norm": 0.005811808165162802,
  "delaunay_max_disp": 5.005777835845947,
  "delaunay_mean_disp": 0.8781877756118774,
  "delaunay_num_at_max": 0,
  "delaunay_num_at_min": 0,
  "delaunay_p95_disp": 2.5636532306671143,
  "delaunay_param_max": 4.824275970458984,
  "delaunay_param_mean_abs": 0.7707406282424927,
  "delaunay_param_min": -3.8458821773529053,
  "edit_identity_angle_degrees": 27.352584838867188,
  "edit_identity_angle_radians": 0.47739264369010925,
  "edit_identity_cosine_distance": 0.1118040680885315,
  "edit_identity_cosine_similarity_raw": 0.8881959319114685,
  "edit_identity_l2_embedding_distance": 0.4728723168373108,
  "edit_identity_similarity_score_pct": 88.81959533691406,
  "editor_num_inference_steps": 20,
  "face_id": "face_002",
  "fft_phase_enabled": 0,
  "fft_phase_grad_norm": 0.0,
  "fft_phase_max_abs": 0.0,
  "fft_phase_mean_abs": 0.0,
  "fft_phase_norm": 0.0,
  "fft_phase_num_at_max": 0,
  "fft_phase_num_at_min": 0,
  "fft_phase_num_clamped": 0,
  "fft_spatial_delta_mse": 0.0,
  "foldover_fraction": 0.0,
  "fraction_clamped_total": 0.3127147766323024,
  "identity_angle_degrees": 27.352584838867188,
  "identity_angle_radians": 0.47739264369010925,
  "identity_cosine_distance": 0.1118040680885315,
  "identity_cosine_similarity_raw": 0.8881959319114685,
  "identity_l2_embedding_distance": 0.4728723168373108,
  "identity_similarity_score_pct": 88.81959533691406,
  "iter": 1050,
  "jacobian_det_min": 0.8653351664543152,
  "l2_to_original": 0.03671304136514664,
  "learning_rate": 0.05,
  "legacy_fft_strength_equivalent": 0.0,
  "loss": 0.8881959319114685,
  "mse_to_original": 0.0013478475157171488,
  "num_at_max_total": 57,
  "num_at_min_total": 34,
  "num_clamped_total": 91,
  "num_total_params": 291,
  "original_embedding_norm": 1.0,
  "peak_vram_gb": 5.321223258972168,
  "perturbed_edit_embedding_norm": 1.0,
  "perturbed_embedding_norm": 1.0,
  "prompt": "add black sunglasses",
  "psnr_to_original": 28.703592374953896,
  "rolling_enabled": 1,
  "rolling_grad_norm": 0.0065464177168905735,
  "rolling_max_disp": 0.9288822412490845,
  "rolling_mean_disp": 0.5218393802642822,
  "rolling_num_at_max": 0,
  "rolling_num_at_min": 0,
  "rolling_p95_disp": 0.9247390627861023,
  "rolling_param_max": 1.2931019067764282,
  "rolling_param_mean_abs": 1.0358672142028809,
  "rolling_param_min": -0.7786325216293335,
  "seconds_elapsed": 7689.8045617081225,
  "seconds_iter": 5.920969270169735,
  "seed": 250852,
  "smoothness_tv": 0.0300799198448658,
  "ssim_to_original": 0.9897047877311707,
  "total_geometry_grad_norm": 0.01476342510432005,
  "total_grad_norm": 0.01476342510432005,
  "tps_enabled": 1,
  "tps_grad_norm": 0.00647585978731513,
  "tps_max_disp": 2.7054224014282227,
  "tps_mean_disp": 0.584145188331604,
  "tps_num_at_max": 0,
  "tps_num_at_min": 0,
  "tps_p95_disp": 1.6205393075942993,
  "tps_param_max": 1.9765303134918213,
  "tps_param_mean_abs": 0.3620857298374176,
  "tps_param_min": -1.5658866167068481
}
