{
  "Z": 0.8913888931274414,
  "best_Z_so_far": 0.8900959491729736,
  "best_iter_so_far": 342,
  "case_id": "face_005__add_black_sunglasses",
  "clean_edit_embedding_norm": 0.9999999403953552,
  "combined_max_disp_px": 3.0897555351257324,
  "combined_mean_disp_px": 0.9759929180145264,
  "combined_p95_disp_px": 2.2722270488739014,
  "components_at_boundary": "dct",
  "dct_clipped_high_fraction": 0.007975260727107525,
  "dct_clipped_low_fraction": 0.0007909139385446906,
  "dct_coefficient_delta_l1": 0.004594062454998493,
  "dct_coefficient_delta_l2": 0.017296554520726204,
  "dct_dc_energy": 24.633514404296875,
  "dct_enabled": 1,
  "dct_frequency_mask_mode": "all_ac",
  "dct_gain_grad_norm": 0.009289816953241825,
  "dct_gain_l2": 6.306936264038086,
  "dct_gain_max": 0.5,
  "dct_gain_mean": 0.10729087144136429,
  "dct_gain_mean_abs": 0.44418835639953613,
  "dct_gain_min": -0.5,
  "dct_high_frequency_energy_after": 3.9459173422073945e-05,
  "dct_high_frequency_energy_before": 2.996540570165962e-05,
  "dct_input_coefficient_energy": 0.3869630694389343,
  "dct_low_frequency_energy_after": 0.01342963520437479,
  "dct_low_frequency_energy_before": 0.013815189711749554,
  "dct_mid_frequency_energy_after": 0.0003263394464738667,
  "dct_mid_frequency_energy_before": 0.0002670820103958249,
  "dct_num_at_max": 84,
  "dct_num_at_min": 47,
  "dct_num_clamped": 131,
  "dct_output_coefficient_energy": 0.3869370222091675,
  "dct_relative_energy_change": -6.731192843290046e-05,
  "dct_selected_frequency_count": 189,
  "dct_spatial_delta_l1": 0.009765096940100193,
  "dct_spatial_delta_l2": 0.017188401892781258,
  "dct_spatial_delta_max_abs": 0.3019232451915741,
  "dct_spatial_delta_mse": 0.0002954411902464926,
  "delaunay_enabled": 1,
  "delaunay_grad_norm": 0.002426793798804283,
  "delaunay_max_disp": 3.229724645614624,
  "delaunay_mean_disp": 0.5691547393798828,
  "delaunay_num_at_max": 0,
  "delaunay_num_at_min": 0,
  "delaunay_p95_disp": 1.8077555894851685,
  "delaunay_param_max": 3.142693281173706,
  "delaunay_param_mean_abs": 0.5708795189857483,
  "delaunay_param_min": -1.4382903575897217,
  "edit_identity_angle_degrees": 26.951704025268555,
  "edit_identity_angle_radians": 0.47039595246315,
  "edit_identity_cosine_distance": 0.1086111068725586,
  "edit_identity_cosine_similarity_raw": 0.8913888931274414,
  "edit_identity_l2_embedding_distance": 0.46607112884521484,
  "edit_identity_similarity_score_pct": 89.13888549804688,
  "editor_num_inference_steps": 20,
  "face_id": "face_005",
  "fft_phase_enabled": 0,
  "fft_phase_grad_norm": 0.0,
  "fft_phase_max_abs": 0.0,
  "fft_phase_mean_abs": 0.0,
  "fft_phase_norm": 0.0,
  "fft_phase_num_at_max": 0,
  "fft_phase_num_at_min": 0,
  "fft_phase_num_clamped": 0,
  "fft_spatial_delta_mse": 0.0,
  "foldover_fraction": 0.0,
  "fraction_clamped_total": 0.45017182130584193,
  "identity_angle_degrees": 26.951704025268555,
  "identity_angle_radians": 0.47039595246315,
  "identity_cosine_distance": 0.1086111068725586,
  "identity_cosine_similarity_raw": 0.8913888931274414,
  "identity_l2_embedding_distance": 0.46607112884521484,
  "identity_similarity_score_pct": 89.13888549804688,
  "iter": 900,
  "jacobian_det_min": 0.9414501190185547,
  "l2_to_original": 0.0290930587798357,
  "learning_rate": 0.05,
  "legacy_fft_strength_equivalent": 0.0,
  "loss": 0.8913888931274414,
  "mse_to_original": 0.0008464060956612229,
  "num_at_max_total": 84,
  "num_at_min_total": 47,
  "num_clamped_total": 131,
  "num_total_params": 291,
  "original_embedding_norm": 0.9999999403953552,
  "peak_vram_gb": 5.326680660247803,
  "perturbed_edit_embedding_norm": 1.0,
  "perturbed_embedding_norm": 1.0,
  "prompt": "add black sunglasses",
  "psnr_to_original": 30.724212175885445,
  "rolling_enabled": 1,
  "rolling_grad_norm": 0.003201081184670329,
  "rolling_max_disp": 0.15981830656528473,
  "rolling_mean_disp": 0.09698937088251114,
  "rolling_num_at_max": 0,
  "rolling_num_at_min": 0,
  "rolling_p95_disp": 0.15926314890384674,
  "rolling_param_max": 0.16525933146476746,
  "rolling_param_mean_abs": 0.08487337082624435,
  "rolling_param_min": 0.004487413913011551,
  "seconds_elapsed": 6056.185452897102,
  "seconds_iter": 5.98830640502274,
  "seed": 67119,
  "smoothness_tv": 0.021002868190407753,
  "ssim_to_original": 0.9936049580574036,
  "total_geometry_grad_norm": 0.010640925727784634,
  "total_grad_norm": 0.010640925727784634,
  "tps_enabled": 1,
  "tps_grad_norm": 0.0032851712312549353,
  "tps_max_disp": 2.8625924587249756,
  "tps_mean_disp": 0.7031294703483582,
  "tps_num_at_max": 0,
  "tps_num_at_min": 0,
  "tps_p95_disp": 2.0187599658966064,
  "tps_param_max": 1.806746244430542,
  "tps_param_mean_abs": 0.3728181719779968,
  "tps_param_min": -2.615649700164795
}
