{
  "Z": 0.8736984729766846,
  "best_Z_so_far": 0.869856595993042,
  "best_iter_so_far": 329,
  "case_id": "face_005__add_headphones",
  "clean_edit_embedding_norm": 1.0,
  "combined_max_disp_px": 5.1331000328063965,
  "combined_mean_disp_px": 1.1564557552337646,
  "combined_p95_disp_px": 3.352290630340576,
  "components_at_boundary": "dct",
  "dct_clipped_high_fraction": 0.0096562709659338,
  "dct_clipped_low_fraction": 0.0012105306377634406,
  "dct_coefficient_delta_l1": 0.00428174389526248,
  "dct_coefficient_delta_l2": 0.01587016135454178,
  "dct_dc_energy": 24.596895217895508,
  "dct_enabled": 1,
  "dct_frequency_mask_mode": "all_ac",
  "dct_gain_grad_norm": 0.005041687749326229,
  "dct_gain_l2": 6.109713077545166,
  "dct_gain_max": 0.5,
  "dct_gain_mean": -0.02624836564064026,
  "dct_gain_mean_abs": 0.4218684732913971,
  "dct_gain_min": -0.5,
  "dct_high_frequency_energy_after": 2.2843818442197517e-05,
  "dct_high_frequency_energy_before": 3.097633089055307e-05,
  "dct_input_coefficient_energy": 0.3864150047302246,
  "dct_low_frequency_energy_after": 0.01978382281959057,
  "dct_low_frequency_energy_before": 0.013980530202388763,
  "dct_mid_frequency_energy_after": 0.0004209598992019892,
  "dct_mid_frequency_energy_before": 0.0002681347541511059,
  "dct_num_at_max": 60,
  "dct_num_at_min": 60,
  "dct_num_clamped": 120,
  "dct_output_coefficient_energy": 0.3872896134853363,
  "dct_relative_energy_change": 0.002263392321765423,
  "dct_selected_frequency_count": 189,
  "dct_spatial_delta_l1": 0.009029420092701912,
  "dct_spatial_delta_l2": 0.015643829479813576,
  "dct_spatial_delta_max_abs": 0.2631548047065735,
  "dct_spatial_delta_mse": 0.0002447294245939702,
  "delaunay_enabled": 1,
  "delaunay_grad_norm": 0.002787143923342228,
  "delaunay_max_disp": 3.165083169937134,
  "delaunay_mean_disp": 0.7556861639022827,
  "delaunay_num_at_max": 0,
  "delaunay_num_at_min": 0,
  "delaunay_p95_disp": 2.231992483139038,
  "delaunay_param_max": 3.179783821105957,
  "delaunay_param_mean_abs": 0.6072629690170288,
  "delaunay_param_min": -2.7977793216705322,
  "edit_identity_angle_degrees": 29.108688354492188,
  "edit_identity_angle_radians": 0.5080424547195435,
  "edit_identity_cosine_distance": 0.12630152702331543,
  "edit_identity_cosine_similarity_raw": 0.8736984729766846,
  "edit_identity_l2_embedding_distance": 0.5025962591171265,
  "edit_identity_similarity_score_pct": 87.3698501586914,
  "editor_num_inference_steps": 20,
  "face_id": "face_005",
  "fft_phase_enabled": 0,
  "fft_phase_grad_norm": 0.0,
  "fft_phase_max_abs": 0.0,
  "fft_phase_mean_abs": 0.0,
  "fft_phase_norm": 0.0,
  "fft_phase_num_at_max": 0,
  "fft_phase_num_at_min": 0,
  "fft_phase_num_clamped": 0,
  "fft_spatial_delta_mse": 0.0,
  "foldover_fraction": 0.0,
  "fraction_clamped_total": 0.41237113402061853,
  "identity_angle_degrees": 29.108688354492188,
  "identity_angle_radians": 0.5080424547195435,
  "identity_cosine_distance": 0.12630152702331543,
  "identity_cosine_similarity_raw": 0.8736984729766846,
  "identity_l2_embedding_distance": 0.5025962591171265,
  "identity_similarity_score_pct": 87.3698501586914,
  "iter": 900,
  "jacobian_det_min": 0.9150277376174927,
  "l2_to_original": 0.02901010401546955,
  "learning_rate": 0.05,
  "legacy_fft_strength_equivalent": 0.0,
  "loss": 0.8736984729766846,
  "mse_to_original": 0.0008415860938839614,
  "num_at_max_total": 60,
  "num_at_min_total": 60,
  "num_clamped_total": 120,
  "num_total_params": 291,
  "original_embedding_norm": 1.0,
  "peak_vram_gb": 5.326680660247803,
  "perturbed_edit_embedding_norm": 1.0,
  "perturbed_embedding_norm": 1.0,
  "prompt": "add headphones",
  "psnr_to_original": 30.74901449282727,
  "rolling_enabled": 1,
  "rolling_grad_norm": 0.004799645859748125,
  "rolling_max_disp": 0.26666712760925293,
  "rolling_mean_disp": 0.14949819445610046,
  "rolling_num_at_max": 0,
  "rolling_num_at_min": 0,
  "rolling_p95_disp": 0.2655104100704193,
  "rolling_param_max": 0.3728552758693695,
  "rolling_param_mean_abs": 0.28282544016838074,
  "rolling_param_min": -0.19279561936855316,
  "seconds_elapsed": 5220.104353228584,
  "seconds_iter": 5.495952179655433,
  "seed": 405993,
  "smoothness_tv": 0.024965960532426834,
  "ssim_to_original": 0.9936850666999817,
  "total_geometry_grad_norm": 0.008160004392266273,
  "total_grad_norm": 0.008160004392266273,
  "tps_enabled": 1,
  "tps_grad_norm": 0.003219052217900753,
  "tps_max_disp": 3.2878012657165527,
  "tps_mean_disp": 0.9552637338638306,
  "tps_num_at_max": 0,
  "tps_num_at_min": 0,
  "tps_p95_disp": 2.6394505500793457,
  "tps_param_max": 2.965649127960205,
  "tps_param_mean_abs": 0.5479578971862793,
  "tps_param_min": -3.001582384109497
}
