{
  "Z": 0.8850491046905518,
  "best_Z_so_far": 0.8822601437568665,
  "best_iter_so_far": 309,
  "case_id": "face_002__add_headphones",
  "clean_edit_embedding_norm": 1.0,
  "combined_max_disp_px": 2.9220657348632812,
  "combined_mean_disp_px": 0.670214831829071,
  "combined_p95_disp_px": 1.5670158863067627,
  "components_at_boundary": "dct",
  "dct_clipped_high_fraction": 2.288818359375e-05,
  "dct_clipped_low_fraction": 0.002044677734375,
  "dct_coefficient_delta_l1": 0.005590538959950209,
  "dct_coefficient_delta_l2": 0.019437743350863457,
  "dct_dc_energy": 21.7406063079834,
  "dct_enabled": 1,
  "dct_frequency_mask_mode": "all_ac",
  "dct_gain_grad_norm": 0.00941626075655222,
  "dct_gain_l2": 6.253962516784668,
  "dct_gain_max": 0.5,
  "dct_gain_mean": -0.03705662488937378,
  "dct_gain_mean_abs": 0.4339144229888916,
  "dct_gain_min": -0.5,
  "dct_high_frequency_energy_after": 5.390161459217779e-05,
  "dct_high_frequency_energy_before": 5.39042848686222e-05,
  "dct_input_coefficient_energy": 0.3420788645744324,
  "dct_low_frequency_energy_after": 0.014547006227076054,
  "dct_low_frequency_energy_before": 0.01535680703818798,
  "dct_mid_frequency_energy_after": 0.0006113993003964424,
  "dct_mid_frequency_energy_before": 0.0004892237484455109,
  "dct_num_at_max": 64,
  "dct_num_at_min": 73,
  "dct_num_clamped": 137,
  "dct_output_coefficient_energy": 0.3420146107673645,
  "dct_relative_energy_change": -0.00018783331324812025,
  "dct_selected_frequency_count": 189,
  "dct_spatial_delta_l1": 0.011240324936807156,
  "dct_spatial_delta_l2": 0.01933419518172741,
  "dct_spatial_delta_max_abs": 0.3827998638153076,
  "dct_spatial_delta_mse": 0.000373811082681641,
  "delaunay_enabled": 1,
  "delaunay_grad_norm": 0.002766751917079091,
  "delaunay_max_disp": 2.0504086017608643,
  "delaunay_mean_disp": 0.440826416015625,
  "delaunay_num_at_max": 0,
  "delaunay_num_at_min": 0,
  "delaunay_p95_disp": 1.2246161699295044,
  "delaunay_param_max": 1.7927790880203247,
  "delaunay_param_mean_abs": 0.49262189865112305,
  "delaunay_param_min": -1.6843734979629517,
  "edit_identity_angle_degrees": 27.742435455322266,
  "edit_identity_angle_radians": 0.48419684171676636,
  "edit_identity_cosine_distance": 0.11495089530944824,
  "edit_identity_cosine_similarity_raw": 0.8850491046905518,
  "edit_identity_l2_embedding_distance": 0.47948089241981506,
  "edit_identity_similarity_score_pct": 88.50491333007812,
  "editor_num_inference_steps": 20,
  "face_id": "face_002",
  "fft_phase_enabled": 0,
  "fft_phase_grad_norm": 0.0,
  "fft_phase_max_abs": 0.0,
  "fft_phase_mean_abs": 0.0,
  "fft_phase_norm": 0.0,
  "fft_phase_num_at_max": 0,
  "fft_phase_num_at_min": 0,
  "fft_phase_num_clamped": 0,
  "fft_spatial_delta_mse": 0.0,
  "foldover_fraction": 0.0,
  "fraction_clamped_total": 0.47079037800687284,
  "identity_angle_degrees": 27.742435455322266,
  "identity_angle_radians": 0.48419684171676636,
  "identity_cosine_distance": 0.11495089530944824,
  "identity_cosine_similarity_raw": 0.8850491046905518,
  "identity_l2_embedding_distance": 0.47948089241981506,
  "identity_similarity_score_pct": 88.50491333007812,
  "iter": 1100,
  "jacobian_det_min": 0.9666669964790344,
  "l2_to_original": 0.03103134036064148,
  "learning_rate": 0.05,
  "legacy_fft_strength_equivalent": 0.0,
  "loss": 0.8850491046905518,
  "mse_to_original": 0.0009629441192373633,
  "num_at_max_total": 64,
  "num_at_min_total": 73,
  "num_clamped_total": 137,
  "num_total_params": 291,
  "original_embedding_norm": 1.0,
  "peak_vram_gb": 5.326680660247803,
  "perturbed_edit_embedding_norm": 0.9999999403953552,
  "perturbed_embedding_norm": 0.9999999403953552,
  "prompt": "add headphones",
  "psnr_to_original": 30.16398914756062,
  "rolling_enabled": 1,
  "rolling_grad_norm": 0.0028347738552838564,
  "rolling_max_disp": 0.1606304794549942,
  "rolling_mean_disp": 0.10892477631568909,
  "rolling_num_at_max": 0,
  "rolling_num_at_min": 0,
  "rolling_p95_disp": 0.1602555364370346,
  "rolling_param_max": 0.11605235934257507,
  "rolling_param_mean_abs": 0.10128338634967804,
  "rolling_param_min": 0.0865144208073616,
  "seconds_elapsed": 7981.002357125282,
  "seconds_iter": 7.072327679023147,
  "seed": 438717,
  "smoothness_tv": 0.01378543023020029,
  "ssim_to_original": 0.9926500916481018,
  "total_geometry_grad_norm": 0.010687639005482197,
  "total_grad_norm": 0.010687639005482197,
  "tps_enabled": 1,
  "tps_grad_norm": 0.0031414644327014685,
  "tps_max_disp": 2.1329855918884277,
  "tps_mean_disp": 0.6791553497314453,
  "tps_num_at_max": 0,
  "tps_num_at_min": 0,
  "tps_p95_disp": 1.7303401231765747,
  "tps_param_max": 1.8511202335357666,
  "tps_param_mean_abs": 0.3906303644180298,
  "tps_param_min": -2.0731425285339355
}
