{
  "Z": 0.8875974416732788,
  "best_Z_so_far": 0.8836501240730286,
  "best_iter_so_far": 81,
  "case_id": "face_002__add_black_sunglasses",
  "clean_edit_embedding_norm": 1.0,
  "combined_max_disp_px": 3.6819567680358887,
  "combined_mean_disp_px": 0.7699894309043884,
  "combined_p95_disp_px": 1.7557965517044067,
  "components_at_boundary": "dct",
  "dct_clipped_high_fraction": 1.1444091796875e-05,
  "dct_clipped_low_fraction": 0.002231597900390625,
  "dct_coefficient_delta_l1": 0.00486281793564558,
  "dct_coefficient_delta_l2": 0.01603352278470993,
  "dct_dc_energy": 21.750707626342773,
  "dct_enabled": 1,
  "dct_frequency_mask_mode": "all_ac",
  "dct_gain_grad_norm": 0.00601972546428442,
  "dct_gain_l2": 5.853550910949707,
  "dct_gain_max": 0.5,
  "dct_gain_mean": 0.044478464871644974,
  "dct_gain_mean_abs": 0.395708829164505,
  "dct_gain_min": -0.5,
  "dct_high_frequency_energy_after": 5.1248287491034716e-05,
  "dct_high_frequency_energy_before": 4.404489300213754e-05,
  "dct_input_coefficient_energy": 0.34222346544265747,
  "dct_low_frequency_energy_after": 0.014596475288271904,
  "dct_low_frequency_energy_before": 0.01537067350000143,
  "dct_mid_frequency_energy_after": 0.00045473239151760936,
  "dct_mid_frequency_energy_before": 0.00046247162390500307,
  "dct_num_at_max": 55,
  "dct_num_at_min": 39,
  "dct_num_clamped": 94,
  "dct_output_coefficient_energy": 0.3421146273612976,
  "dct_relative_energy_change": -0.0003180321946274489,
  "dct_selected_frequency_count": 189,
  "dct_spatial_delta_l1": 0.009489623829722404,
  "dct_spatial_delta_l2": 0.015994731336832047,
  "dct_spatial_delta_max_abs": 0.3040046691894531,
  "dct_spatial_delta_mse": 0.0002558314590714872,
  "delaunay_enabled": 1,
  "delaunay_grad_norm": 0.004600853659212589,
  "delaunay_max_disp": 4.009067535400391,
  "delaunay_mean_disp": 0.6957602500915527,
  "delaunay_num_at_max": 0,
  "delaunay_num_at_min": 0,
  "delaunay_p95_disp": 2.0421085357666016,
  "delaunay_param_max": 3.889590263366699,
  "delaunay_param_mean_abs": 0.6404741406440735,
  "delaunay_param_min": -2.8161673545837402,
  "edit_identity_angle_degrees": 27.427122116088867,
  "edit_identity_angle_radians": 0.47869357466697693,
  "edit_identity_cosine_distance": 0.11240255832672119,
  "edit_identity_cosine_similarity_raw": 0.8875974416732788,
  "edit_identity_l2_embedding_distance": 0.47413620352745056,
  "edit_identity_similarity_score_pct": 88.7597427368164,
  "editor_num_inference_steps": 20,
  "face_id": "face_002",
  "fft_phase_enabled": 0,
  "fft_phase_grad_norm": 0.0,
  "fft_phase_max_abs": 0.0,
  "fft_phase_mean_abs": 0.0,
  "fft_phase_norm": 0.0,
  "fft_phase_num_at_max": 0,
  "fft_phase_num_at_min": 0,
  "fft_phase_num_clamped": 0,
  "fft_spatial_delta_mse": 0.0,
  "foldover_fraction": 0.0,
  "fraction_clamped_total": 0.3230240549828179,
  "identity_angle_degrees": 27.427122116088867,
  "identity_angle_radians": 0.47869357466697693,
  "identity_cosine_distance": 0.11240255832672119,
  "identity_cosine_similarity_raw": 0.8875974416732788,
  "identity_l2_embedding_distance": 0.47413620352745056,
  "identity_similarity_score_pct": 88.7597427368164,
  "iter": 750,
  "jacobian_det_min": 0.9157146215438843,
  "l2_to_original": 0.030581999570131302,
  "learning_rate": 0.05,
  "legacy_fft_strength_equivalent": 0.0,
  "loss": 0.8875974416732788,
  "mse_to_original": 0.0009352587512694299,
  "num_at_max_total": 55,
  "num_at_min_total": 39,
  "num_clamped_total": 94,
  "num_total_params": 291,
  "original_embedding_norm": 1.0,
  "peak_vram_gb": 5.321223258972168,
  "perturbed_edit_embedding_norm": 1.0,
  "perturbed_embedding_norm": 1.0,
  "prompt": "add black sunglasses",
  "psnr_to_original": 30.2906821939253,
  "rolling_enabled": 1,
  "rolling_grad_norm": 0.006335278041660786,
  "rolling_max_disp": 0.5484637022018433,
  "rolling_mean_disp": 0.319801390171051,
  "rolling_num_at_max": 0,
  "rolling_num_at_min": 0,
  "rolling_p95_disp": 0.5453744530677795,
  "rolling_param_max": 0.8744116425514221,
  "rolling_param_mean_abs": 0.7894679307937622,
  "rolling_param_min": -0.7045242786407471,
  "seconds_elapsed": 5821.691790321842,
  "seconds_iter": 7.626388208940625,
  "seed": 250852,
  "smoothness_tv": 0.021978527307510376,
  "ssim_to_original": 0.9928597211837769,
  "total_geometry_grad_norm": 0.011277570389211178,
  "total_grad_norm": 0.011277570389211178,
  "tps_enabled": 1,
  "tps_grad_norm": 0.005444529000669718,
  "tps_max_disp": 2.2501769065856934,
  "tps_mean_disp": 0.4755253791809082,
  "tps_num_at_max": 0,
  "tps_num_at_min": 0,
  "tps_p95_disp": 1.360363245010376,
  "tps_param_max": 1.6127320528030396,
  "tps_param_mean_abs": 0.329935759305954,
  "tps_param_min": -1.5592217445373535
}
