{
  "Z": 0.8930732011795044,
  "best_Z_so_far": 0.8900959491729736,
  "best_iter_so_far": 342,
  "case_id": "face_005__add_black_sunglasses",
  "clean_edit_embedding_norm": 0.9999999403953552,
  "combined_max_disp_px": 2.945439338684082,
  "combined_mean_disp_px": 0.9393727779388428,
  "combined_p95_disp_px": 2.1869707107543945,
  "components_at_boundary": "dct",
  "dct_clipped_high_fraction": 0.0077489218674600124,
  "dct_clipped_low_fraction": 0.0007578532095067203,
  "dct_coefficient_delta_l1": 0.0043122125789523125,
  "dct_coefficient_delta_l2": 0.016674965620040894,
  "dct_dc_energy": 24.632898330688477,
  "dct_enabled": 1,
  "dct_frequency_mask_mode": "all_ac",
  "dct_gain_grad_norm": 0.009696833789348602,
  "dct_gain_l2": 6.117591381072998,
  "dct_gain_max": 0.5,
  "dct_gain_mean": 0.07508048415184021,
  "dct_gain_mean_abs": 0.4216713607311249,
  "dct_gain_min": -0.5,
  "dct_high_frequency_energy_after": 3.6412078770808876e-05,
  "dct_high_frequency_energy_before": 3.034151450265199e-05,
  "dct_input_coefficient_energy": 0.38695329427719116,
  "dct_low_frequency_energy_after": 0.01332126371562481,
  "dct_low_frequency_energy_before": 0.01381390169262886,
  "dct_mid_frequency_energy_after": 0.0003380879352334887,
  "dct_mid_frequency_energy_before": 0.00026675977278500795,
  "dct_num_at_max": 71,
  "dct_num_at_min": 47,
  "dct_num_clamped": 118,
  "dct_output_coefficient_energy": 0.3869156241416931,
  "dct_relative_energy_change": -9.73506030277349e-05,
  "dct_selected_frequency_count": 189,
  "dct_spatial_delta_l1": 0.009258165955543518,
  "dct_spatial_delta_l2": 0.01657629758119583,
  "dct_spatial_delta_max_abs": 0.29585835337638855,
  "dct_spatial_delta_mse": 0.00027477365802042186,
  "delaunay_enabled": 1,
  "delaunay_grad_norm": 0.005934231914579868,
  "delaunay_max_disp": 2.526883125305176,
  "delaunay_mean_disp": 0.5181252956390381,
  "delaunay_num_at_max": 0,
  "delaunay_num_at_min": 0,
  "delaunay_p95_disp": 1.3222380876541138,
  "delaunay_param_max": 2.522387742996216,
  "delaunay_param_mean_abs": 0.5498253703117371,
  "delaunay_param_min": -1.2933952808380127,
  "edit_identity_angle_degrees": 26.738000869750977,
  "edit_identity_angle_radians": 0.4666661322116852,
  "edit_identity_cosine_distance": 0.1069267988204956,
  "edit_identity_cosine_similarity_raw": 0.8930732011795044,
  "edit_identity_l2_embedding_distance": 0.46244311332702637,
  "edit_identity_similarity_score_pct": 89.30731964111328,
  "editor_num_inference_steps": 20,
  "face_id": "face_005",
  "fft_phase_enabled": 0,
  "fft_phase_grad_norm": 0.0,
  "fft_phase_max_abs": 0.0,
  "fft_phase_mean_abs": 0.0,
  "fft_phase_norm": 0.0,
  "fft_phase_num_at_max": 0,
  "fft_phase_num_at_min": 0,
  "fft_phase_num_clamped": 0,
  "fft_spatial_delta_mse": 0.0,
  "foldover_fraction": 0.0,
  "fraction_clamped_total": 0.4054982817869416,
  "identity_angle_degrees": 26.738000869750977,
  "identity_angle_radians": 0.4666661322116852,
  "identity_cosine_distance": 0.1069267988204956,
  "identity_cosine_similarity_raw": 0.8930732011795044,
  "identity_l2_embedding_distance": 0.46244311332702637,
  "identity_similarity_score_pct": 89.30731964111328,
  "iter": 450,
  "jacobian_det_min": 0.9384797215461731,
  "l2_to_original": 0.028067683801054955,
  "learning_rate": 0.05,
  "legacy_fft_strength_equivalent": 0.0,
  "loss": 0.8930732011795044,
  "mse_to_original": 0.0007877948228269815,
  "num_at_max_total": 71,
  "num_at_min_total": 47,
  "num_clamped_total": 118,
  "num_total_params": 291,
  "original_embedding_norm": 0.9999999403953552,
  "peak_vram_gb": 5.326680660247803,
  "perturbed_edit_embedding_norm": 1.0,
  "perturbed_embedding_norm": 1.0,
  "prompt": "add black sunglasses",
  "psnr_to_original": 31.035868775825534,
  "rolling_enabled": 1,
  "rolling_grad_norm": 0.006787450984120369,
  "rolling_max_disp": 0.3921234905719757,
  "rolling_mean_disp": 0.2369641363620758,
  "rolling_num_at_max": 0,
  "rolling_num_at_min": 0,
  "rolling_p95_disp": 0.390696257352829,
  "rolling_param_max": 0.4066697955131531,
  "rolling_param_mean_abs": 0.2140451967716217,
  "rolling_param_min": -0.021420609205961227,
  "seconds_elapsed": 3305.610944343731,
  "seconds_iter": 6.327495731413364,
  "seed": 67119,
  "smoothness_tv": 0.019793856889009476,
  "ssim_to_original": 0.994047224521637,
  "total_geometry_grad_norm": 0.01505836471915245,
  "total_grad_norm": 0.01505836471915245,
  "tps_enabled": 1,
  "tps_grad_norm": 0.007172249257564545,
  "tps_max_disp": 2.724186897277832,
  "tps_mean_disp": 0.5455673933029175,
  "tps_num_at_max": 0,
  "tps_num_at_min": 0,
  "tps_p95_disp": 1.607819676399231,
  "tps_param_max": 1.9839838743209839,
  "tps_param_mean_abs": 0.3098244071006775,
  "tps_param_min": -1.0913233757019043
}
