{
  "Z": 0.8844089508056641,
  "best_Z_so_far": 0.8822601437568665,
  "best_iter_so_far": 309,
  "case_id": "face_002__add_headphones",
  "clean_edit_embedding_norm": 1.0,
  "combined_max_disp_px": 2.9669201374053955,
  "combined_mean_disp_px": 0.6744229793548584,
  "combined_p95_disp_px": 1.5668654441833496,
  "components_at_boundary": "dct",
  "dct_clipped_high_fraction": 2.288818359375e-05,
  "dct_clipped_low_fraction": 0.0020535788498818874,
  "dct_coefficient_delta_l1": 0.005552784539759159,
  "dct_coefficient_delta_l2": 0.019206466153264046,
  "dct_dc_energy": 21.739614486694336,
  "dct_enabled": 1,
  "dct_frequency_mask_mode": "all_ac",
  "dct_gain_grad_norm": 0.009568804875016212,
  "dct_gain_l2": 6.269602298736572,
  "dct_gain_max": 0.5,
  "dct_gain_mean": -0.031015684828162193,
  "dct_gain_mean_abs": 0.4375988841056824,
  "dct_gain_min": -0.5,
  "dct_high_frequency_energy_after": 5.621866512228735e-05,
  "dct_high_frequency_energy_before": 5.3889329137746245e-05,
  "dct_input_coefficient_energy": 0.3420654237270355,
  "dct_low_frequency_energy_after": 0.01460228767246008,
  "dct_low_frequency_energy_before": 0.0153701426461339,
  "dct_mid_frequency_energy_after": 0.0005964366719126701,
  "dct_mid_frequency_energy_before": 0.0004896879545412958,
  "dct_num_at_max": 64,
  "dct_num_at_min": 69,
  "dct_num_clamped": 133,
  "dct_output_coefficient_energy": 0.3420017957687378,
  "dct_relative_energy_change": -0.00018601107876747847,
  "dct_selected_frequency_count": 189,
  "dct_spatial_delta_l1": 0.011062907055020332,
  "dct_spatial_delta_l2": 0.019105985760688782,
  "dct_spatial_delta_max_abs": 0.3791106939315796,
  "dct_spatial_delta_mse": 0.0003650386934168637,
  "delaunay_enabled": 1,
  "delaunay_grad_norm": 0.004996596835553646,
  "delaunay_max_disp": 2.038877010345459,
  "delaunay_mean_disp": 0.4338296353816986,
  "delaunay_num_at_max": 0,
  "delaunay_num_at_min": 0,
  "delaunay_p95_disp": 1.215862512588501,
  "delaunay_param_max": 1.8154209852218628,
  "delaunay_param_mean_abs": 0.48672109842300415,
  "delaunay_param_min": -1.7377076148986816,
  "edit_identity_angle_degrees": 27.821125030517578,
  "edit_identity_angle_radians": 0.4855702221393585,
  "edit_identity_cosine_distance": 0.11559104919433594,
  "edit_identity_cosine_similarity_raw": 0.8844089508056641,
  "edit_identity_l2_embedding_distance": 0.48081400990486145,
  "edit_identity_similarity_score_pct": 88.4408950805664,
  "editor_num_inference_steps": 20,
  "face_id": "face_002",
  "fft_phase_enabled": 0,
  "fft_phase_grad_norm": 0.0,
  "fft_phase_max_abs": 0.0,
  "fft_phase_mean_abs": 0.0,
  "fft_phase_norm": 0.0,
  "fft_phase_num_at_max": 0,
  "fft_phase_num_at_min": 0,
  "fft_phase_num_clamped": 0,
  "fft_spatial_delta_mse": 0.0,
  "foldover_fraction": 0.0,
  "fraction_clamped_total": 0.4570446735395189,
  "identity_angle_degrees": 27.821125030517578,
  "identity_angle_radians": 0.4855702221393585,
  "identity_cosine_distance": 0.11559104919433594,
  "identity_cosine_similarity_raw": 0.8844089508056641,
  "identity_l2_embedding_distance": 0.48081400990486145,
  "identity_similarity_score_pct": 88.4408950805664,
  "iter": 1300,
  "jacobian_det_min": 0.9649966955184937,
  "l2_to_original": 0.031166844069957733,
  "learning_rate": 0.05,
  "legacy_fft_strength_equivalent": 0.0,
  "loss": 0.8844089508056641,
  "mse_to_original": 0.000971372181084007,
  "num_at_max_total": 64,
  "num_at_min_total": 69,
  "num_clamped_total": 133,
  "num_total_params": 291,
  "original_embedding_norm": 1.0,
  "peak_vram_gb": 5.326680660247803,
  "perturbed_edit_embedding_norm": 1.0,
  "perturbed_embedding_norm": 1.0,
  "prompt": "add headphones",
  "psnr_to_original": 30.126143383498135,
  "rolling_enabled": 1,
  "rolling_grad_norm": 0.008113563992083073,
  "rolling_max_disp": 0.2123885154724121,
  "rolling_mean_disp": 0.1400945484638214,
  "rolling_num_at_max": 0,
  "rolling_num_at_min": 0,
  "rolling_p95_disp": 0.21184219419956207,
  "rolling_param_max": 0.17897532880306244,
  "rolling_param_mean_abs": 0.13207022845745087,
  "rolling_param_min": 0.0851651281118393,
  "seconds_elapsed": 9446.925338545814,
  "seconds_iter": 7.6998074278235435,
  "seed": 438717,
  "smoothness_tv": 0.013851769268512726,
  "ssim_to_original": 0.9925857186317444,
  "total_geometry_grad_norm": 0.014588610269129276,
  "total_grad_norm": 0.014588610269129276,
  "tps_enabled": 1,
  "tps_grad_norm": 0.005519928876310587,
  "tps_max_disp": 2.1236448287963867,
  "tps_mean_disp": 0.6928967833518982,
  "tps_num_at_max": 0,
  "tps_num_at_min": 0,
  "tps_p95_disp": 1.7714964151382446,
  "tps_param_max": 1.874181866645813,
  "tps_param_mean_abs": 0.4004099667072296,
  "tps_param_min": -1.9616831541061401
}
