{
  "Z": 0.8852587938308716,
  "best_Z_so_far": 0.8827989101409912,
  "best_iter_so_far": 137,
  "case_id": "face_002__add_headphones",
  "clean_edit_embedding_norm": 1.0,
  "combined_max_disp_px": 2.968317747116089,
  "combined_mean_disp_px": 0.6196953058242798,
  "combined_p95_disp_px": 1.445082187652588,
  "components_at_boundary": "dct",
  "dct_clipped_high_fraction": 2.288818359375e-05,
  "dct_clipped_low_fraction": 0.0018793742638081312,
  "dct_coefficient_delta_l1": 0.005493850912898779,
  "dct_coefficient_delta_l2": 0.018959857523441315,
  "dct_dc_energy": 21.73746681213379,
  "dct_enabled": 1,
  "dct_frequency_mask_mode": "all_ac",
  "dct_gain_grad_norm": 0.00728332344442606,
  "dct_gain_l2": 6.1853742599487305,
  "dct_gain_max": 0.5,
  "dct_gain_mean": -0.029256688430905342,
  "dct_gain_mean_abs": 0.428836464881897,
  "dct_gain_min": -0.5,
  "dct_high_frequency_energy_after": 5.547276668949053e-05,
  "dct_high_frequency_energy_before": 5.602198143606074e-05,
  "dct_input_coefficient_energy": 0.34203335642814636,
  "dct_low_frequency_energy_after": 0.01429976150393486,
  "dct_low_frequency_energy_before": 0.015365097671747208,
  "dct_mid_frequency_energy_after": 0.000648163550067693,
  "dct_mid_frequency_energy_before": 0.0004926990950480103,
  "dct_num_at_max": 56,
  "dct_num_at_min": 71,
  "dct_num_clamped": 127,
  "dct_output_coefficient_energy": 0.34194645285606384,
  "dct_relative_energy_change": -0.0002540792338550091,
  "dct_selected_frequency_count": 189,
  "dct_spatial_delta_l1": 0.01090527605265379,
  "dct_spatial_delta_l2": 0.01886477693915367,
  "dct_spatial_delta_max_abs": 0.390436589717865,
  "dct_spatial_delta_mse": 0.0003558797761797905,
  "delaunay_enabled": 1,
  "delaunay_grad_norm": 0.0042154681868851185,
  "delaunay_max_disp": 2.079360008239746,
  "delaunay_mean_disp": 0.4043143689632416,
  "delaunay_num_at_max": 0,
  "delaunay_num_at_min": 0,
  "delaunay_p95_disp": 1.12566339969635,
  "delaunay_param_max": 2.0686488151550293,
  "delaunay_param_mean_abs": 0.47665315866470337,
  "delaunay_param_min": -1.3390189409255981,
  "edit_identity_angle_degrees": 27.71661376953125,
  "edit_identity_angle_radians": 0.48374617099761963,
  "edit_identity_cosine_distance": 0.11474120616912842,
  "edit_identity_cosine_similarity_raw": 0.8852587938308716,
  "edit_identity_l2_embedding_distance": 0.47904330492019653,
  "edit_identity_similarity_score_pct": 88.52587890625,
  "editor_num_inference_steps": 20,
  "face_id": "face_002",
  "fft_phase_enabled": 0,
  "fft_phase_grad_norm": 0.0,
  "fft_phase_max_abs": 0.0,
  "fft_phase_mean_abs": 0.0,
  "fft_phase_norm": 0.0,
  "fft_phase_num_at_max": 0,
  "fft_phase_num_at_min": 0,
  "fft_phase_num_clamped": 0,
  "fft_spatial_delta_mse": 0.0,
  "foldover_fraction": 0.0,
  "fraction_clamped_total": 0.436426116838488,
  "identity_angle_degrees": 27.71661376953125,
  "identity_angle_radians": 0.48374617099761963,
  "identity_cosine_distance": 0.11474120616912842,
  "identity_cosine_similarity_raw": 0.8852587938308716,
  "identity_l2_embedding_distance": 0.47904330492019653,
  "identity_similarity_score_pct": 88.52587890625,
  "iter": 225,
  "jacobian_det_min": 0.9696389436721802,
  "l2_to_original": 0.030340008437633514,
  "learning_rate": 0.05,
  "legacy_fft_strength_equivalent": 0.0,
  "loss": 0.8852587938308716,
  "mse_to_original": 0.0009205161477439106,
  "num_at_max_total": 56,
  "num_at_min_total": 71,
  "num_clamped_total": 127,
  "num_total_params": 291,
  "original_embedding_norm": 1.0,
  "peak_vram_gb": 5.326680660247803,
  "perturbed_edit_embedding_norm": 1.0,
  "perturbed_embedding_norm": 1.0,
  "prompt": "add headphones",
  "psnr_to_original": 30.359685886759195,
  "rolling_enabled": 1,
  "rolling_grad_norm": 0.0036386833526194096,
  "rolling_max_disp": 0.1695711463689804,
  "rolling_mean_disp": 0.04457990825176239,
  "rolling_num_at_max": 0,
  "rolling_num_at_min": 0,
  "rolling_p95_disp": 0.1527000069618225,
  "rolling_param_max": 0.1953774094581604,
  "rolling_param_mean_abs": 0.13465920090675354,
  "rolling_param_min": -0.07394099980592728,
  "seconds_elapsed": 1670.1146322079003,
  "seconds_iter": 7.267005352303386,
  "seed": 438717,
  "smoothness_tv": 0.012862243689596653,
  "ssim_to_original": 0.9929727911949158,
  "total_geometry_grad_norm": 0.010269548743963242,
  "total_grad_norm": 0.010269548743963242,
  "tps_enabled": 1,
  "tps_grad_norm": 0.004626731853932142,
  "tps_max_disp": 1.6216449737548828,
  "tps_mean_disp": 0.4676262140274048,
  "tps_num_at_max": 0,
  "tps_num_at_min": 0,
  "tps_p95_disp": 1.1587388515472412,
  "tps_param_max": 1.16203773021698,
  "tps_param_mean_abs": 0.30664318799972534,
  "tps_param_min": -1.5972633361816406
}
