{
  "Z": 0.8850579261779785,
  "best_Z_so_far": 0.8822601437568665,
  "best_iter_so_far": 309,
  "case_id": "face_002__add_headphones",
  "clean_edit_embedding_norm": 1.0,
  "combined_max_disp_px": 2.94213604927063,
  "combined_mean_disp_px": 0.6441707611083984,
  "combined_p95_disp_px": 1.4891645908355713,
  "components_at_boundary": "dct",
  "dct_clipped_high_fraction": 2.161661905120127e-05,
  "dct_clipped_low_fraction": 0.0019823710899800062,
  "dct_coefficient_delta_l1": 0.005498972721397877,
  "dct_coefficient_delta_l2": 0.019193362444639206,
  "dct_dc_energy": 21.738494873046875,
  "dct_enabled": 1,
  "dct_frequency_mask_mode": "all_ac",
  "dct_gain_grad_norm": 0.007296109106391668,
  "dct_gain_l2": 6.2135329246521,
  "dct_gain_max": 0.5,
  "dct_gain_mean": -0.044390298426151276,
  "dct_gain_mean_abs": 0.4307975172996521,
  "dct_gain_min": -0.5,
  "dct_high_frequency_energy_after": 5.679800597135909e-05,
  "dct_high_frequency_energy_before": 5.5195432651089504e-05,
  "dct_input_coefficient_energy": 0.3420475423336029,
  "dct_low_frequency_energy_after": 0.014560998417437077,
  "dct_low_frequency_energy_before": 0.015363817103207111,
  "dct_mid_frequency_energy_after": 0.0006233340827748179,
  "dct_mid_frequency_energy_before": 0.000489428814034909,
  "dct_num_at_max": 56,
  "dct_num_at_min": 70,
  "dct_num_clamped": 126,
  "dct_output_coefficient_energy": 0.3419896960258484,
  "dct_relative_energy_change": -0.00016911774582695216,
  "dct_selected_frequency_count": 189,
  "dct_spatial_delta_l1": 0.011072777211666107,
  "dct_spatial_delta_l2": 0.01909329555928707,
  "dct_spatial_delta_max_abs": 0.38796862959861755,
  "dct_spatial_delta_mse": 0.0003645539691206068,
  "delaunay_enabled": 1,
  "delaunay_grad_norm": 0.002450054744258523,
  "delaunay_max_disp": 2.015592575073242,
  "delaunay_mean_disp": 0.43159785866737366,
  "delaunay_num_at_max": 0,
  "delaunay_num_at_min": 0,
  "delaunay_p95_disp": 1.1882686614990234,
  "delaunay_param_max": 1.9928514957427979,
  "delaunay_param_mean_abs": 0.482681542634964,
  "delaunay_param_min": -1.2691378593444824,
  "edit_identity_angle_degrees": 27.741350173950195,
  "edit_identity_angle_radians": 0.4841778874397278,
  "edit_identity_cosine_distance": 0.11494207382202148,
  "edit_identity_cosine_similarity_raw": 0.8850579261779785,
  "edit_identity_l2_embedding_distance": 0.47946250438690186,
  "edit_identity_similarity_score_pct": 88.50579071044922,
  "editor_num_inference_steps": 20,
  "face_id": "face_002",
  "fft_phase_enabled": 0,
  "fft_phase_grad_norm": 0.0,
  "fft_phase_max_abs": 0.0,
  "fft_phase_mean_abs": 0.0,
  "fft_phase_norm": 0.0,
  "fft_phase_num_at_max": 0,
  "fft_phase_num_at_min": 0,
  "fft_phase_num_clamped": 0,
  "fft_spatial_delta_mse": 0.0,
  "foldover_fraction": 0.0,
  "fraction_clamped_total": 0.4329896907216495,
  "identity_angle_degrees": 27.741350173950195,
  "identity_angle_radians": 0.4841778874397278,
  "identity_cosine_distance": 0.11494207382202148,
  "identity_cosine_similarity_raw": 0.8850579261779785,
  "identity_l2_embedding_distance": 0.47946250438690186,
  "identity_similarity_score_pct": 88.50579071044922,
  "iter": 450,
  "jacobian_det_min": 0.9671992659568787,
  "l2_to_original": 0.0309059526771307,
  "learning_rate": 0.05,
  "legacy_fft_strength_equivalent": 0.0,
  "loss": 0.8850579261779785,
  "mse_to_original": 0.0009551778784953058,
  "num_at_max_total": 56,
  "num_at_min_total": 70,
  "num_clamped_total": 126,
  "num_total_params": 291,
  "original_embedding_norm": 1.0,
  "peak_vram_gb": 5.326680660247803,
  "perturbed_edit_embedding_norm": 0.9999999403953552,
  "perturbed_embedding_norm": 0.9999999403953552,
  "prompt": "add headphones",
  "psnr_to_original": 30.19915744169762,
  "rolling_enabled": 1,
  "rolling_grad_norm": 0.004841206129640341,
  "rolling_max_disp": 0.08695568889379501,
  "rolling_mean_disp": 0.0334320142865181,
  "rolling_num_at_max": 0,
  "rolling_num_at_min": 0,
  "rolling_p95_disp": 0.08064978569746017,
  "rolling_param_max": 0.11116637289524078,
  "rolling_param_mean_abs": 0.06025686487555504,
  "rolling_param_min": -0.009347358718514442,
  "seconds_elapsed": 3300.503133904189,
  "seconds_iter": 7.391486356034875,
  "seed": 438717,
  "smoothness_tv": 0.013199450448155403,
  "ssim_to_original": 0.9927093982696533,
  "total_geometry_grad_norm": 0.009556740522384644,
  "total_grad_norm": 0.009556740522384644,
  "tps_enabled": 1,
  "tps_grad_norm": 0.0029424531385302544,
  "tps_max_disp": 1.9290093183517456,
  "tps_mean_disp": 0.5794352889060974,
  "tps_num_at_max": 0,
  "tps_num_at_min": 0,
  "tps_p95_disp": 1.4001238346099854,
  "tps_param_max": 1.3659919500350952,
  "tps_param_mean_abs": 0.3528966009616852,
  "tps_param_min": -1.8989856243133545
}
