{
  "Z": 0.8855845928192139,
  "best_Z_so_far": 0.8836501240730286,
  "best_iter_so_far": 81,
  "case_id": "face_002__add_black_sunglasses",
  "clean_edit_embedding_norm": 1.0,
  "combined_max_disp_px": 3.038780689239502,
  "combined_mean_disp_px": 0.7024806141853333,
  "combined_p95_disp_px": 1.5380618572235107,
  "components_at_boundary": "dct",
  "dct_clipped_high_fraction": 1.3987223610456567e-05,
  "dct_clipped_low_fraction": 0.0018323262920603156,
  "dct_coefficient_delta_l1": 0.004561030771583319,
  "dct_coefficient_delta_l2": 0.014145217835903168,
  "dct_dc_energy": 21.74769401550293,
  "dct_enabled": 1,
  "dct_frequency_mask_mode": "all_ac",
  "dct_gain_grad_norm": 0.011337857693433762,
  "dct_gain_l2": 5.8014702796936035,
  "dct_gain_max": 0.5,
  "dct_gain_mean": -0.02764337882399559,
  "dct_gain_mean_abs": 0.39223822951316833,
  "dct_gain_min": -0.5,
  "dct_high_frequency_energy_after": 4.758973955176771e-05,
  "dct_high_frequency_energy_before": 4.348792936070822e-05,
  "dct_input_coefficient_energy": 0.34217309951782227,
  "dct_low_frequency_energy_after": 0.014459914527833462,
  "dct_low_frequency_energy_before": 0.015356638468801975,
  "dct_mid_frequency_energy_after": 0.00047868036199361086,
  "dct_mid_frequency_energy_before": 0.00045989759382791817,
  "dct_num_at_max": 43,
  "dct_num_at_min": 54,
  "dct_num_clamped": 97,
  "dct_output_coefficient_energy": 0.3420564532279968,
  "dct_relative_energy_change": -0.00034089849214069545,
  "dct_selected_frequency_count": 189,
  "dct_spatial_delta_l1": 0.008455153554677963,
  "dct_spatial_delta_l2": 0.014115971513092518,
  "dct_spatial_delta_max_abs": 0.25456008315086365,
  "dct_spatial_delta_mse": 0.00019926064123865217,
  "delaunay_enabled": 1,
  "delaunay_grad_norm": 0.005068819969892502,
  "delaunay_max_disp": 3.945283889770508,
  "delaunay_mean_disp": 0.6641319394111633,
  "delaunay_num_at_max": 0,
  "delaunay_num_at_min": 0,
  "delaunay_p95_disp": 1.884928822517395,
  "delaunay_param_max": 3.8339436054229736,
  "delaunay_param_mean_abs": 0.6127963066101074,
  "delaunay_param_min": -2.6604981422424316,
  "edit_identity_angle_degrees": 27.676450729370117,
  "edit_identity_angle_radians": 0.48304519057273865,
  "edit_identity_cosine_distance": 0.11441540718078613,
  "edit_identity_cosine_similarity_raw": 0.8855845928192139,
  "edit_identity_l2_embedding_distance": 0.47836270928382874,
  "edit_identity_similarity_score_pct": 88.55845642089844,
  "editor_num_inference_steps": 20,
  "face_id": "face_002",
  "fft_phase_enabled": 0,
  "fft_phase_grad_norm": 0.0,
  "fft_phase_max_abs": 0.0,
  "fft_phase_mean_abs": 0.0,
  "fft_phase_norm": 0.0,
  "fft_phase_num_at_max": 0,
  "fft_phase_num_at_min": 0,
  "fft_phase_num_clamped": 0,
  "fft_spatial_delta_mse": 0.0,
  "foldover_fraction": 0.0,
  "fraction_clamped_total": 0.3333333333333333,
  "identity_angle_degrees": 27.676450729370117,
  "identity_angle_radians": 0.48304519057273865,
  "identity_cosine_distance": 0.11441540718078613,
  "identity_cosine_similarity_raw": 0.8855845928192139,
  "identity_l2_embedding_distance": 0.47836270928382874,
  "identity_similarity_score_pct": 88.55845642089844,
  "iter": 600,
  "jacobian_det_min": 0.9405409097671509,
  "l2_to_original": 0.028481710702180862,
  "learning_rate": 0.05,
  "legacy_fft_strength_equivalent": 0.0,
  "loss": 0.8855845928192139,
  "mse_to_original": 0.0008112078066915274,
  "num_at_max_total": 43,
  "num_at_min_total": 54,
  "num_clamped_total": 97,
  "num_total_params": 291,
  "original_embedding_norm": 1.0,
  "peak_vram_gb": 5.321223258972168,
  "perturbed_edit_embedding_norm": 1.0,
  "perturbed_embedding_norm": 1.0,
  "prompt": "add black sunglasses",
  "psnr_to_original": 30.908678785399076,
  "rolling_enabled": 1,
  "rolling_grad_norm": 0.003099210560321808,
  "rolling_max_disp": 0.4828072190284729,
  "rolling_mean_disp": 0.21702292561531067,
  "rolling_num_at_max": 0,
  "rolling_num_at_min": 0,
  "rolling_p95_disp": 0.39822548627853394,
  "rolling_param_max": 0.6350139379501343,
  "rolling_param_mean_abs": 0.634209394454956,
  "rolling_param_min": -0.6334049105644226,
  "seconds_elapsed": 4679.753357768059,
  "seconds_iter": 14.144355349242687,
  "seed": 250852,
  "smoothness_tv": 0.02002156339585781,
  "ssim_to_original": 0.9938073754310608,
  "total_geometry_grad_norm": 0.013601841405034065,
  "total_grad_norm": 0.013601841405034065,
  "tps_enabled": 1,
  "tps_grad_norm": 0.004600547254085541,
  "tps_max_disp": 1.8611140251159668,
  "tps_mean_disp": 0.4212431311607361,
  "tps_num_at_max": 0,
  "tps_num_at_min": 0,
  "tps_p95_disp": 1.136183261871338,
  "tps_param_max": 1.5812243223190308,
  "tps_param_mean_abs": 0.29019659757614136,
  "tps_param_min": -1.3503425121307373
}
