{
  "best_edit_disrupts_under_stock": false,
  "case_id": "face_002__add_black_sunglasses",
  "edit_steps": 20,
  "face_id": "face_002",
  "final_edit_disrupts_under_stock": false,
  "guidance_scale": 7.5,
  "image_guidance_scale": 1.5,
  "input_original_vs_best_l2": 0.006937754584755389,
  "input_original_vs_best_max_abs": 0.20000001788139343,
  "input_original_vs_best_mean_abs": 0.003172521246597171,
  "input_original_vs_best_mse": 4.813243867829442e-05,
  "input_original_vs_best_psnr": 43.17562133799566,
  "input_original_vs_best_ssim": 0.991976261138916,
  "input_original_vs_final_l2": 0.009190838795581184,
  "input_original_vs_final_max_abs": 0.22745099663734436,
  "input_original_vs_final_mean_abs": 0.004693235736340284,
  "input_original_vs_final_mse": 8.44715177663602e-05,
  "input_original_vs_final_psnr": 40.7328970243588,
  "input_original_vs_final_ssim": 0.9857026934623718,
  "prompt": "add black sunglasses",
  "run_dir": "outputs/smoke_timing/20260706_181028_edited_output_identity_all_sequential/runs/edited_output_identity/instructpix2pix_arcface_iresnet100/face_002__add_black_sunglasses",
  "saved_clean_vs_saved_best_l2": 0.38990324097768847,
  "saved_clean_vs_saved_best_max_abs": 0.9529411792755127,
  "saved_clean_vs_saved_best_mean_abs": 0.3047754466533661,
  "saved_clean_vs_saved_best_mse": 0.1520245373249054,
  "saved_clean_vs_saved_best_psnr": 8.180863096554411,
  "saved_clean_vs_saved_best_ssim": 0.3111743927001953,
  "saved_clean_vs_saved_final_l2": 0.0232137239296174,
  "saved_clean_vs_saved_final_max_abs": 0.8235294222831726,
  "saved_clean_vs_saved_final_mean_abs": 0.011738008819520473,
  "saved_clean_vs_saved_final_mse": 0.0005388769786804914,
  "saved_clean_vs_saved_final_psnr": 32.685103694668584,
  "saved_clean_vs_saved_final_ssim": 0.9464330673217773,
  "seed": 250852,
  "stock_clean_vs_stock_best_l2": 0.018647388198153297,
  "stock_clean_vs_stock_best_max_abs": 0.8509804010391235,
  "stock_clean_vs_stock_best_mean_abs": 0.008952447213232517,
  "stock_clean_vs_stock_best_mse": 0.0003477250866126269,
  "stock_clean_vs_stock_best_psnr": 34.58763976028231,
  "stock_clean_vs_stock_best_ssim": 0.9632863402366638,
  "stock_clean_vs_stock_final_l2": 0.022732409311552137,
  "stock_clean_vs_stock_final_max_abs": 0.8313725590705872,
  "stock_clean_vs_stock_final_mean_abs": 0.011687610298395157,
  "stock_clean_vs_stock_final_mse": 0.0005167624331079423,
  "stock_clean_vs_stock_final_psnr": 32.86709065614626,
  "stock_clean_vs_stock_final_ssim": 0.9469194412231445,
  "stock_vs_saved_best_wrapper_l2": 0.39101133315620573,
  "stock_vs_saved_best_wrapper_max_abs": 0.9529411792755127,
  "stock_vs_saved_best_wrapper_mean_abs": 0.30501648783683777,
  "stock_vs_saved_best_wrapper_mse": 0.15288986265659332,
  "stock_vs_saved_best_wrapper_psnr": 8.156213094749011,
  "stock_vs_saved_best_wrapper_ssim": 0.3145466148853302,
  "stock_vs_saved_clean_l2": 0.0014980698980836622,
  "stock_vs_saved_clean_max_abs": 0.039215683937072754,
  "stock_vs_saved_clean_mean_abs": 0.00044876779429614544,
  "stock_vs_saved_clean_mse": 2.244213419544394e-06,
  "stock_vs_saved_clean_psnr": 56.489358450436995,
  "stock_vs_saved_clean_ssim": 0.9993619918823242,
  "stock_vs_saved_final_wrapper_l2": 0.0032402575025615487,
  "stock_vs_saved_final_wrapper_max_abs": 0.14901962876319885,
  "stock_vs_saved_final_wrapper_mean_abs": 0.0015785320429131389,
  "stock_vs_saved_final_wrapper_mse": 1.0499268682906404e-05,
  "stock_vs_saved_final_wrapper_psnr": 49.788409502671406,
  "stock_vs_saved_final_wrapper_ssim": 0.9970981478691101,
  "verification_dir": "outputs/smoke_timing/20260706_181028_edited_output_identity_all_sequential/runs/edited_output_identity/instructpix2pix_arcface_iresnet100/face_002__add_black_sunglasses/stock_replay_verification",
  "wrapper_best_matches_stock": false,
  "wrapper_final_matches_stock": true
}
