{
  "Z": 0.8840633630752563,
  "best_Z_so_far": 0.8822601437568665,
  "best_iter_so_far": 309,
  "case_id": "face_002__add_headphones",
  "clean_edit_embedding_norm": 1.0,
  "combined_max_disp_px": 2.929408550262451,
  "combined_mean_disp_px": 0.664793848991394,
  "combined_p95_disp_px": 1.555383324623108,
  "components_at_boundary": "dct",
  "dct_clipped_high_fraction": 2.288818359375e-05,
  "dct_clipped_low_fraction": 0.0020345053635537624,
  "dct_coefficient_delta_l1": 0.005540232174098492,
  "dct_coefficient_delta_l2": 0.019188258796930313,
  "dct_dc_energy": 21.73966407775879,
  "dct_enabled": 1,
  "dct_frequency_mask_mode": "all_ac",
  "dct_gain_grad_norm": 0.010107770562171936,
  "dct_gain_l2": 6.242374897003174,
  "dct_gain_max": 0.5,
  "dct_gain_mean": -0.034277744591236115,
  "dct_gain_mean_abs": 0.4349297285079956,
  "dct_gain_min": -0.5,
  "dct_high_frequency_energy_after": 5.575431350735016e-05,
  "dct_high_frequency_energy_before": 5.371403676690534e-05,
  "dct_input_coefficient_energy": 0.34206339716911316,
  "dct_low_frequency_energy_after": 0.014678364619612694,
  "dct_low_frequency_energy_before": 0.0153552470728755,
  "dct_mid_frequency_energy_after": 0.0006141480407677591,
  "dct_mid_frequency_energy_before": 0.0004880412598140538,
  "dct_num_at_max": 58,
  "dct_num_at_min": 73,
  "dct_num_clamped": 131,
  "dct_output_coefficient_energy": 0.34202027320861816,
  "dct_relative_energy_change": -0.00012607008102349937,
  "dct_selected_frequency_count": 189,
  "dct_spatial_delta_l1": 0.011070847511291504,
  "dct_spatial_delta_l2": 0.019086988642811775,
  "dct_spatial_delta_max_abs": 0.38326942920684814,
  "dct_spatial_delta_mse": 0.0003643131349235773,
  "delaunay_enabled": 1,
  "delaunay_grad_norm": 0.003375913482159376,
  "delaunay_max_disp": 2.024336099624634,
  "delaunay_mean_disp": 0.4607166647911072,
  "delaunay_num_at_max": 0,
  "delaunay_num_at_min": 0,
  "delaunay_p95_disp": 1.249491810798645,
  "delaunay_param_max": 1.779549479484558,
  "delaunay_param_mean_abs": 0.49927401542663574,
  "delaunay_param_min": -1.6308015584945679,
  "edit_identity_angle_degrees": 27.863523483276367,
  "edit_identity_angle_radians": 0.486310213804245,
  "edit_identity_cosine_distance": 0.11593663692474365,
  "edit_identity_cosine_similarity_raw": 0.8840633630752563,
  "edit_identity_l2_embedding_distance": 0.4815322458744049,
  "edit_identity_similarity_score_pct": 88.40633392333984,
  "editor_num_inference_steps": 20,
  "face_id": "face_002",
  "fft_phase_enabled": 0,
  "fft_phase_grad_norm": 0.0,
  "fft_phase_max_abs": 0.0,
  "fft_phase_mean_abs": 0.0,
  "fft_phase_norm": 0.0,
  "fft_phase_num_at_max": 0,
  "fft_phase_num_at_min": 0,
  "fft_phase_num_clamped": 0,
  "fft_spatial_delta_mse": 0.0,
  "foldover_fraction": 0.0,
  "fraction_clamped_total": 0.45017182130584193,
  "identity_angle_degrees": 27.863523483276367,
  "identity_angle_radians": 0.486310213804245,
  "identity_cosine_distance": 0.11593663692474365,
  "identity_cosine_similarity_raw": 0.8840633630752563,
  "identity_l2_embedding_distance": 0.4815322458744049,
  "identity_similarity_score_pct": 88.40633392333984,
  "iter": 800,
  "jacobian_det_min": 0.9655816555023193,
  "l2_to_original": 0.031078089028596878,
  "learning_rate": 0.05,
  "legacy_fft_strength_equivalent": 0.0,
  "loss": 0.8840633630752563,
  "mse_to_original": 0.000965847575571388,
  "num_at_max_total": 58,
  "num_at_min_total": 73,
  "num_clamped_total": 131,
  "num_total_params": 291,
  "original_embedding_norm": 1.0,
  "peak_vram_gb": 5.326680660247803,
  "perturbed_edit_embedding_norm": 1.0,
  "perturbed_embedding_norm": 1.0,
  "prompt": "add headphones",
  "psnr_to_original": 30.15091405997962,
  "rolling_enabled": 1,
  "rolling_grad_norm": 0.0022203796543180943,
  "rolling_max_disp": 0.08083409070968628,
  "rolling_mean_disp": 0.054996855556964874,
  "rolling_num_at_max": 0,
  "rolling_num_at_min": 0,
  "rolling_p95_disp": 0.08075463771820068,
  "rolling_param_max": 0.07916244864463806,
  "rolling_param_mean_abs": 0.05785510689020157,
  "rolling_param_min": 0.036547765135765076,
  "seconds_elapsed": 5822.92852271907,
  "seconds_iter": 6.5344581212848425,
  "seed": 438717,
  "smoothness_tv": 0.013615883886814117,
  "ssim_to_original": 0.9926289319992065,
  "total_geometry_grad_norm": 0.011529047973453999,
  "total_grad_norm": 0.011529047973453999,
  "tps_enabled": 1,
  "tps_grad_norm": 0.0037980317138135433,
  "tps_max_disp": 2.072033643722534,
  "tps_mean_disp": 0.6660715937614441,
  "tps_num_at_max": 0,
  "tps_num_at_min": 0,
  "tps_p95_disp": 1.6621792316436768,
  "tps_param_max": 1.7296745777130127,
  "tps_param_mean_abs": 0.38464102149009705,
  "tps_param_min": -2.0405232906341553
}
