{
  "edit_steps": 20,
  "face_id": "face_002",
  "guidance_scale": 7.5,
  "image_guidance_scale": 1.5,
  "prompt": "add black sunglasses",
  "seed": 250852,
  "stock_vs_differentiable": {
    "l2": 0.0014980698980836622,
    "max_abs": 0.039215683937072754,
    "mean_abs": 0.00044876779429614544,
    "mse": 2.244213419544394e-06,
    "psnr": 56.489358450436995,
    "ssim": 0.9993619918823242
  }
}
