{
  "Z": 0.998026430606842,
  "best_Z_so_far": 0.998026430606842,
  "best_iter_so_far": 0,
  "case_id": "face_002__add_headphones",
  "clean_edit_embedding_norm": 1.0,
  "combined_max_disp_px": 0.7454129457473755,
  "combined_mean_disp_px": 0.25945889949798584,
  "combined_p95_disp_px": 0.5316404700279236,
  "components_at_boundary": "",
  "dct_clipped_high_fraction": 0.0,
  "dct_clipped_low_fraction": 0.00029754638671875,
  "dct_coefficient_delta_l1": 0.0,
  "dct_coefficient_delta_l2": 0.0,
  "dct_dc_energy": 21.74424171447754,
  "dct_enabled": 1,
  "dct_frequency_mask_mode": "all_ac",
  "dct_gain_grad_norm": 0.0,
  "dct_gain_l2": 0.0,
  "dct_gain_max": 0.0,
  "dct_gain_mean": 0.0,
  "dct_gain_mean_abs": 0.0,
  "dct_gain_min": 0.0,
  "dct_high_frequency_energy_after": 5.4325431847246364e-05,
  "dct_high_frequency_energy_before": 5.4325431847246364e-05,
  "dct_input_coefficient_energy": 0.34213826060295105,
  "dct_low_frequency_energy_after": 0.015357845462858677,
  "dct_low_frequency_energy_before": 0.015357845462858677,
  "dct_mid_frequency_energy_after": 0.0004948531277477741,
  "dct_mid_frequency_energy_before": 0.0004948531277477741,
  "dct_num_at_max": 0,
  "dct_num_at_min": 0,
  "dct_num_clamped": 0,
  "dct_output_coefficient_energy": 0.34213826060295105,
  "dct_relative_energy_change": 0.0,
  "dct_selected_frequency_count": 189,
  "dct_spatial_delta_l1": 1.7539355212647934e-07,
  "dct_spatial_delta_l2": 2.483383241269621e-07,
  "dct_spatial_delta_max_abs": 1.3113021850585938e-06,
  "dct_spatial_delta_mse": 6.167192678849936e-14,
  "delaunay_enabled": 1,
  "delaunay_grad_norm": 0.0,
  "delaunay_max_disp": 0.6792876720428467,
  "delaunay_mean_disp": 0.21269673109054565,
  "delaunay_num_at_max": 0,
  "delaunay_num_at_min": 0,
  "delaunay_p95_disp": 0.4945622980594635,
  "delaunay_param_max": 0.9328691959381104,
  "delaunay_param_mean_abs": 0.3407110273838043,
  "delaunay_param_min": -0.9366225600242615,
  "edit_identity_angle_degrees": 3.600271701812744,
  "edit_identity_angle_radians": 0.06283659487962723,
  "edit_identity_cosine_distance": 0.001973569393157959,
  "edit_identity_cosine_similarity_raw": 0.998026430606842,
  "edit_identity_l2_embedding_distance": 0.06282702088356018,
  "edit_identity_similarity_score_pct": 99.80264282226562,
  "editor_num_inference_steps": 20,
  "face_id": "face_002",
  "fft_phase_enabled": 0,
  "fft_phase_grad_norm": 0.0,
  "fft_phase_max_abs": 0.0,
  "fft_phase_mean_abs": 0.0,
  "fft_phase_norm": 0.0,
  "fft_phase_num_at_max": 0,
  "fft_phase_num_at_min": 0,
  "fft_phase_num_clamped": 0,
  "fft_spatial_delta_mse": 0.0,
  "foldover_fraction": 0.0,
  "fraction_clamped_total": 0.0,
  "identity_angle_degrees": 3.600271701812744,
  "identity_angle_radians": 0.06283659487962723,
  "identity_cosine_distance": 0.001973569393157959,
  "identity_cosine_similarity_raw": 0.998026430606842,
  "identity_l2_embedding_distance": 0.06282702088356018,
  "identity_similarity_score_pct": 99.80264282226562,
  "iter": 0,
  "jacobian_det_min": 0.9729883074760437,
  "l2_to_original": 0.01007370837032795,
  "learning_rate": 0.05,
  "legacy_fft_strength_equivalent": 0.0,
  "loss": 0.998026430606842,
  "mse_to_original": 0.0001014796071103774,
  "num_at_max_total": 0,
  "num_at_min_total": 0,
  "num_clamped_total": 0,
  "num_total_params": 291,
  "original_embedding_norm": 1.0,
  "peak_vram_gb": 5.318171501159668,
  "perturbed_edit_embedding_norm": 1.0,
  "perturbed_embedding_norm": 1.0,
  "prompt": "add headphones",
  "psnr_to_original": 39.936212228666,
  "rolling_enabled": 1,
  "rolling_grad_norm": 0.0,
  "rolling_max_disp": 0.26190170645713806,
  "rolling_mean_disp": 0.09385015815496445,
  "rolling_num_at_max": 0,
  "rolling_num_at_min": 0,
  "rolling_p95_disp": 0.24293124675750732,
  "rolling_param_max": 0.2925674617290497,
  "rolling_param_mean_abs": 0.17786067724227905,
  "rolling_param_min": -0.06315388530492783,
  "seconds_elapsed": 0.0,
  "seconds_iter": 0.0,
  "seed": 438717,
  "smoothness_tv": 0.005375669337809086,
  "ssim_to_original": 0.9992265105247498,
  "total_geometry_grad_norm": 0.0,
  "total_grad_norm": 0.0,
  "tps_enabled": 1,
  "tps_grad_norm": 0.0,
  "tps_max_disp": 0.4958705008029938,
  "tps_mean_disp": 0.14304542541503906,
  "tps_num_at_max": 0,
  "tps_num_at_min": 0,
  "tps_p95_disp": 0.35906103253364563,
  "tps_param_max": 0.6501206159591675,
  "tps_param_mean_abs": 0.17285601794719696,
  "tps_param_min": -0.5595666170120239
}
