{
  "Z": 0.8847358226776123,
  "best_Z_so_far": 0.8825101852416992,
  "best_iter_so_far": 1143,
  "case_id": "face_002__add_black_sunglasses",
  "clean_edit_embedding_norm": 1.0,
  "combined_max_disp_px": 6.442558765411377,
  "combined_mean_disp_px": 1.111993432044983,
  "combined_p95_disp_px": 2.8564751148223877,
  "components_at_boundary": "dct",
  "dct_clipped_high_fraction": 2.7974447220913135e-05,
  "dct_clipped_low_fraction": 0.0023447673302143812,
  "dct_coefficient_delta_l1": 0.004619693849235773,
  "dct_coefficient_delta_l2": 0.014956043101847172,
  "dct_dc_energy": 21.76714324951172,
  "dct_enabled": 1,
  "dct_frequency_mask_mode": "all_ac",
  "dct_gain_grad_norm": 0.008498314768075943,
  "dct_gain_l2": 5.62378454208374,
  "dct_gain_max": 0.5,
  "dct_gain_mean": 0.09598134458065033,
  "dct_gain_mean_abs": 0.37567856907844543,
  "dct_gain_min": -0.5,
  "dct_high_frequency_energy_after": 5.785575558547862e-05,
  "dct_high_frequency_energy_before": 4.242061186232604e-05,
  "dct_input_coefficient_energy": 0.34247371554374695,
  "dct_low_frequency_energy_after": 0.01526964083313942,
  "dct_low_frequency_energy_before": 0.015354348346590996,
  "dct_mid_frequency_energy_after": 0.0005476069636642933,
  "dct_mid_frequency_energy_before": 0.0004538010689429939,
  "dct_num_at_max": 56,
  "dct_num_at_min": 34,
  "dct_num_clamped": 90,
  "dct_output_coefficient_energy": 0.3425067067146301,
  "dct_relative_energy_change": 9.633197623770684e-05,
  "dct_selected_frequency_count": 189,
  "dct_spatial_delta_l1": 0.008827879093587399,
  "dct_spatial_delta_l2": 0.014890330843627453,
  "dct_spatial_delta_max_abs": 0.22559362649917603,
  "dct_spatial_delta_mse": 0.00022172194439917803,
  "delaunay_enabled": 1,
  "delaunay_grad_norm": 0.005434978287667036,
  "delaunay_max_disp": 4.803815841674805,
  "delaunay_mean_disp": 0.915534496307373,
  "delaunay_num_at_max": 0,
  "delaunay_num_at_min": 0,
  "delaunay_p95_disp": 2.7418465614318848,
  "delaunay_param_max": 4.496222972869873,
  "delaunay_param_mean_abs": 0.8045850992202759,
  "delaunay_param_min": -4.541800498962402,
  "edit_identity_angle_degrees": 27.78097152709961,
  "edit_identity_angle_radians": 0.48486942052841187,
  "edit_identity_cosine_distance": 0.1152641773223877,
  "edit_identity_cosine_similarity_raw": 0.8847358226776123,
  "edit_identity_l2_embedding_distance": 0.48013389110565186,
  "edit_identity_similarity_score_pct": 88.47357940673828,
  "editor_num_inference_steps": 20,
  "face_id": "face_002",
  "fft_phase_enabled": 0,
  "fft_phase_grad_norm": 0.0,
  "fft_phase_max_abs": 0.0,
  "fft_phase_mean_abs": 0.0,
  "fft_phase_norm": 0.0,
  "fft_phase_num_at_max": 0,
  "fft_phase_num_at_min": 0,
  "fft_phase_num_clamped": 0,
  "fft_spatial_delta_mse": 0.0,
  "foldover_fraction": 0.0,
  "fraction_clamped_total": 0.30927835051546393,
  "identity_angle_degrees": 27.78097152709961,
  "identity_angle_radians": 0.48486942052841187,
  "identity_cosine_distance": 0.1152641773223877,
  "identity_cosine_similarity_raw": 0.8847358226776123,
  "identity_l2_embedding_distance": 0.48013389110565186,
  "identity_similarity_score_pct": 88.47357940673828,
  "iter": 1150,
  "jacobian_det_min": 0.8536933660507202,
  "l2_to_original": 0.03803511708974838,
  "learning_rate": 0.05,
  "legacy_fft_strength_equivalent": 0.0,
  "loss": 0.8847358226776123,
  "mse_to_original": 0.001446670270524919,
  "num_at_max_total": 56,
  "num_at_min_total": 34,
  "num_clamped_total": 90,
  "num_total_params": 291,
  "original_embedding_norm": 1.0,
  "peak_vram_gb": 5.323420524597168,
  "perturbed_edit_embedding_norm": 0.9999999403953552,
  "perturbed_embedding_norm": 0.9999999403953552,
  "prompt": "add black sunglasses",
  "psnr_to_original": 28.396304433174258,
  "rolling_enabled": 1,
  "rolling_grad_norm": 0.006378729362040758,
  "rolling_max_disp": 0.9236626625061035,
  "rolling_mean_disp": 0.5262516140937805,
  "rolling_num_at_max": 0,
  "rolling_num_at_min": 0,
  "rolling_p95_disp": 0.919174075126648,
  "rolling_param_max": 1.3709006309509277,
  "rolling_param_mean_abs": 1.1773924827575684,
  "rolling_param_min": -0.983884334564209,
  "seconds_elapsed": 8295.166341271251,
  "seconds_iter": 5.934082055464387,
  "seed": 250852,
  "smoothness_tv": 0.031140953302383423,
  "ssim_to_original": 0.9889653921127319,
  "total_geometry_grad_norm": 0.013195951469242573,
  "total_grad_norm": 0.013195951469242573,
  "tps_enabled": 1,
  "tps_grad_norm": 0.0056289080530405045,
  "tps_max_disp": 2.0832250118255615,
  "tps_mean_disp": 0.5728574991226196,
  "tps_num_at_max": 0,
  "tps_num_at_min": 0,
  "tps_p95_disp": 1.5581488609313965,
  "tps_param_max": 1.5477585792541504,
  "tps_param_mean_abs": 0.3485790193080902,
  "tps_param_min": -1.5400958061218262
}
