{
  "Z": 0.8842966556549072,
  "best_Z_so_far": 0.8822601437568665,
  "best_iter_so_far": 309,
  "case_id": "face_002__add_headphones",
  "clean_edit_embedding_norm": 1.0,
  "combined_max_disp_px": 2.9737672805786133,
  "combined_mean_disp_px": 0.6796123385429382,
  "combined_p95_disp_px": 1.5698659420013428,
  "components_at_boundary": "dct",
  "dct_clipped_high_fraction": 2.4159749955288135e-05,
  "dct_clipped_low_fraction": 0.0020128886681050062,
  "dct_coefficient_delta_l1": 0.005547066684812307,
  "dct_coefficient_delta_l2": 0.019266366958618164,
  "dct_dc_energy": 21.741296768188477,
  "dct_enabled": 1,
  "dct_frequency_mask_mode": "all_ac",
  "dct_gain_grad_norm": 0.007622103672474623,
  "dct_gain_l2": 6.260806083679199,
  "dct_gain_max": 0.5,
  "dct_gain_mean": -0.02553616836667061,
  "dct_gain_mean_abs": 0.4347415268421173,
  "dct_gain_min": -0.5,
  "dct_high_frequency_energy_after": 5.675029751728289e-05,
  "dct_high_frequency_energy_before": 5.372022860683501e-05,
  "dct_input_coefficient_energy": 0.342090368270874,
  "dct_low_frequency_energy_after": 0.014420471154153347,
  "dct_low_frequency_energy_before": 0.015363503247499466,
  "dct_mid_frequency_energy_after": 0.000609365466516465,
  "dct_mid_frequency_energy_before": 0.0004888334660790861,
  "dct_num_at_max": 63,
  "dct_num_at_min": 72,
  "dct_num_clamped": 135,
  "dct_output_coefficient_energy": 0.3420080542564392,
  "dct_relative_energy_change": -0.00024062067677732557,
  "dct_selected_frequency_count": 189,
  "dct_spatial_delta_l1": 0.011129706166684628,
  "dct_spatial_delta_l2": 0.019170954823493958,
  "dct_spatial_delta_max_abs": 0.3827227056026459,
  "dct_spatial_delta_mse": 0.00036752549931406975,
  "delaunay_enabled": 1,
  "delaunay_grad_norm": 0.004393669776618481,
  "delaunay_max_disp": 2.0194175243377686,
  "delaunay_mean_disp": 0.4102972447872162,
  "delaunay_num_at_max": 0,
  "delaunay_num_at_min": 0,
  "delaunay_p95_disp": 1.1645036935806274,
  "delaunay_param_max": 1.7076252698898315,
  "delaunay_param_mean_abs": 0.4765334129333496,
  "delaunay_param_min": -1.771632194519043,
  "edit_identity_angle_degrees": 27.834909439086914,
  "edit_identity_angle_radians": 0.4858108162879944,
  "edit_identity_cosine_distance": 0.11570334434509277,
  "edit_identity_cosine_similarity_raw": 0.8842966556549072,
  "edit_identity_l2_embedding_distance": 0.4810475707054138,
  "edit_identity_similarity_score_pct": 88.4296646118164,
  "editor_num_inference_steps": 20,
  "face_id": "face_002",
  "fft_phase_enabled": 0,
  "fft_phase_grad_norm": 0.0,
  "fft_phase_max_abs": 0.0,
  "fft_phase_mean_abs": 0.0,
  "fft_phase_norm": 0.0,
  "fft_phase_num_at_max": 0,
  "fft_phase_num_at_min": 0,
  "fft_phase_num_clamped": 0,
  "fft_spatial_delta_mse": 0.0,
  "foldover_fraction": 0.0,
  "fraction_clamped_total": 0.4639175257731959,
  "identity_angle_degrees": 27.834909439086914,
  "identity_angle_radians": 0.4858108162879944,
  "identity_cosine_distance": 0.11570334434509277,
  "identity_cosine_similarity_raw": 0.8842966556549072,
  "identity_l2_embedding_distance": 0.4810475707054138,
  "identity_similarity_score_pct": 88.4296646118164,
  "iter": 1675,
  "jacobian_det_min": 0.9624999761581421,
  "l2_to_original": 0.03110119327902794,
  "learning_rate": 0.05,
  "legacy_fft_strength_equivalent": 0.0,
  "loss": 0.8842966556549072,
  "mse_to_original": 0.0009672841988503933,
  "num_at_max_total": 63,
  "num_at_min_total": 72,
  "num_clamped_total": 135,
  "num_total_params": 291,
  "original_embedding_norm": 1.0,
  "peak_vram_gb": 5.326680660247803,
  "perturbed_edit_embedding_norm": 1.0,
  "perturbed_embedding_norm": 1.0,
  "prompt": "add headphones",
  "psnr_to_original": 30.14445906621498,
  "rolling_enabled": 1,
  "rolling_grad_norm": 0.004072321113198996,
  "rolling_max_disp": 0.25424063205718994,
  "rolling_mean_disp": 0.16564753651618958,
  "rolling_num_at_max": 0,
  "rolling_num_at_min": 0,
  "rolling_p95_disp": 0.25344905257225037,
  "rolling_param_max": 0.21430662274360657,
  "rolling_param_mean_abs": 0.14171332120895386,
  "rolling_param_min": 0.06912001222372055,
  "seconds_elapsed": 12238.2003545966,
  "seconds_iter": 6.630530875176191,
  "seed": 438717,
  "smoothness_tv": 0.014020385220646858,
  "ssim_to_original": 0.9926161170005798,
  "total_geometry_grad_norm": 0.010916372761130333,
  "total_grad_norm": 0.010916372761130333,
  "tps_enabled": 1,
  "tps_grad_norm": 0.005018225871026516,
  "tps_max_disp": 2.1921944618225098,
  "tps_mean_disp": 0.7317847013473511,
  "tps_num_at_max": 0,
  "tps_num_at_min": 0,
  "tps_p95_disp": 1.8414971828460693,
  "tps_param_max": 1.9179500341415405,
  "tps_param_mean_abs": 0.4148428738117218,
  "tps_param_min": -1.996317982673645
}
