{
  "best_edit_disrupts_under_stock": false,
  "case_id": "face_005__add_headphones",
  "edit_steps": 20,
  "face_id": "face_005",
  "final_edit_disrupts_under_stock": false,
  "guidance_scale": 7.5,
  "image_guidance_scale": 1.5,
  "input_original_vs_best_l2": 0.026728049270009577,
  "input_original_vs_best_max_abs": 0.5176470875740051,
  "input_original_vs_best_mean_abs": 0.01502483244985342,
  "input_original_vs_best_mse": 0.0007143886177800596,
  "input_original_vs_best_psnr": 31.46065473596962,
  "input_original_vs_best_ssim": 0.8930878029199617,
  "input_original_vs_final_l2": 0.03254842598555374,
  "input_original_vs_final_max_abs": 0.5058823823928833,
  "input_original_vs_final_mean_abs": 0.01884423941373825,
  "input_original_vs_final_mse": 0.0010594000341370702,
  "input_original_vs_final_psnr": 29.749400174061407,
  "input_original_vs_final_ssim": 0.869806296057785,
  "prompt": "add headphones",
  "run_dir": "outputs/edited_output_identity_1/20260706_191143_edited_output_identity_all_sequential/runs/edited_output_identity/instructpix2pix_arcface_iresnet100/face_005__add_headphones",
  "saved_clean_vs_saved_best_l2": 0.33651797466748107,
  "saved_clean_vs_saved_best_max_abs": 0.9725490212440491,
  "saved_clean_vs_saved_best_mean_abs": 0.26152756810188293,
  "saved_clean_vs_saved_best_mse": 0.11324434727430344,
  "saved_clean_vs_saved_best_psnr": 9.459834670974486,
  "saved_clean_vs_saved_best_ssim": 0.0,
  "saved_clean_vs_saved_final_l2": 0.0554224845528993,
  "saved_clean_vs_saved_final_max_abs": 0.8705882430076599,
  "saved_clean_vs_saved_final_mean_abs": 0.029272444546222687,
  "saved_clean_vs_saved_final_mse": 0.0030716517940163612,
  "saved_clean_vs_saved_final_psnr": 25.12628017972686,
  "saved_clean_vs_saved_final_ssim": 0.7783100617884028,
  "seed": 405993,
  "stock_clean_vs_stock_best_l2": 0.0480131927723613,
  "stock_clean_vs_stock_best_max_abs": 0.7803921699523926,
  "stock_clean_vs_stock_best_mean_abs": 0.025225168094038963,
  "stock_clean_vs_stock_best_mse": 0.0023052666801959276,
  "stock_clean_vs_stock_best_psnr": 26.372788268738155,
  "stock_clean_vs_stock_best_ssim": 0.8079472289105548,
  "stock_clean_vs_stock_final_l2": 0.05527763544525546,
  "stock_clean_vs_stock_final_max_abs": 0.8784313797950745,
  "stock_clean_vs_stock_final_mean_abs": 0.02916363626718521,
  "stock_clean_vs_stock_final_mse": 0.003055616980418563,
  "stock_clean_vs_stock_final_psnr": 25.149010852127596,
  "stock_clean_vs_stock_final_ssim": 0.7788894582189781,
  "stock_vs_saved_best_wrapper_l2": 0.336698114599235,
  "stock_vs_saved_best_wrapper_max_abs": 0.9725490212440491,
  "stock_vs_saved_best_wrapper_mean_abs": 0.26191022992134094,
  "stock_vs_saved_best_wrapper_mse": 0.11336562037467957,
  "stock_vs_saved_best_wrapper_psnr": 9.45518631028046,
  "stock_vs_saved_best_wrapper_ssim": 0.0,
  "stock_vs_saved_clean_l2": 0.0013219510227074052,
  "stock_vs_saved_clean_max_abs": 0.05882352590560913,
  "stock_vs_saved_clean_mean_abs": 0.00040240318048745394,
  "stock_vs_saved_clean_mse": 1.7475545064371545e-06,
  "stock_vs_saved_clean_psnr": 57.57569269673431,
  "stock_vs_saved_clean_ssim": 0.9947121959091704,
  "stock_vs_saved_final_wrapper_l2": 0.003763124051440627,
  "stock_vs_saved_final_wrapper_max_abs": 0.10588237643241882,
  "stock_vs_saved_final_wrapper_mean_abs": 0.001866463921032846,
  "stock_vs_saved_final_wrapper_mse": 1.416110262653092e-05,
  "stock_vs_saved_final_wrapper_psnr": 48.48902929840136,
  "stock_vs_saved_final_wrapper_ssim": 0.9849475037942375,
  "verification_dir": "outputs/edited_output_identity_1/20260706_191143_edited_output_identity_all_sequential/runs/edited_output_identity/instructpix2pix_arcface_iresnet100/face_005__add_headphones/stock_replay_verification",
  "wrapper_best_matches_stock": false,
  "wrapper_final_matches_stock": true
}
