{
  "Z": 0.8901059627532959,
  "best_Z_so_far": 0.8836501240730286,
  "best_iter_so_far": 81,
  "case_id": "face_002__add_black_sunglasses",
  "clean_edit_embedding_norm": 1.0,
  "combined_max_disp_px": 3.353233575820923,
  "combined_mean_disp_px": 0.7106843590736389,
  "combined_p95_disp_px": 1.604798674583435,
  "components_at_boundary": "dct",
  "dct_clipped_high_fraction": 1.52587890625e-05,
  "dct_clipped_low_fraction": 0.002079010009765625,
  "dct_coefficient_delta_l1": 0.004845787771046162,
  "dct_coefficient_delta_l2": 0.015203137882053852,
  "dct_dc_energy": 21.75083351135254,
  "dct_enabled": 1,
  "dct_frequency_mask_mode": "all_ac",
  "dct_gain_grad_norm": 0.006673163268715143,
  "dct_gain_l2": 5.842642784118652,
  "dct_gain_max": 0.5,
  "dct_gain_mean": -0.021098913624882698,
  "dct_gain_mean_abs": 0.3991678059101105,
  "dct_gain_min": -0.5,
  "dct_high_frequency_energy_after": 5.102433715364896e-05,
  "dct_high_frequency_energy_before": 4.52435233455617e-05,
  "dct_input_coefficient_energy": 0.3422279357910156,
  "dct_low_frequency_energy_after": 0.014366828836500645,
  "dct_low_frequency_energy_before": 0.015370874665677547,
  "dct_mid_frequency_energy_after": 0.0004945167456753552,
  "dct_mid_frequency_energy_before": 0.0004672602517530322,
  "dct_num_at_max": 46,
  "dct_num_at_min": 47,
  "dct_num_clamped": 93,
  "dct_output_coefficient_energy": 0.3421003520488739,
  "dct_relative_energy_change": -0.0003728034207597375,
  "dct_selected_frequency_count": 189,
  "dct_spatial_delta_l1": 0.009063128381967545,
  "dct_spatial_delta_l2": 0.015164639800786972,
  "dct_spatial_delta_max_abs": 0.24871794879436493,
  "dct_spatial_delta_mse": 0.00022996628831606358,
  "delaunay_enabled": 1,
  "delaunay_grad_norm": 0.005374109838157892,
  "delaunay_max_disp": 3.9888908863067627,
  "delaunay_mean_disp": 0.672817051410675,
  "delaunay_num_at_max": 0,
  "delaunay_num_at_min": 0,
  "delaunay_p95_disp": 1.9125972986221313,
  "delaunay_param_max": 3.8573825359344482,
  "delaunay_param_mean_abs": 0.6155287623405457,
  "delaunay_param_min": -2.7544984817504883,
  "edit_identity_angle_degrees": 27.11343765258789,
  "edit_identity_angle_radians": 0.47321873903274536,
  "edit_identity_cosine_distance": 0.1098940372467041,
  "edit_identity_cosine_similarity_raw": 0.8901059627532959,
  "edit_identity_l2_embedding_distance": 0.46881574392318726,
  "edit_identity_similarity_score_pct": 89.0105972290039,
  "editor_num_inference_steps": 20,
  "face_id": "face_002",
  "fft_phase_enabled": 0,
  "fft_phase_grad_norm": 0.0,
  "fft_phase_max_abs": 0.0,
  "fft_phase_mean_abs": 0.0,
  "fft_phase_norm": 0.0,
  "fft_phase_num_at_max": 0,
  "fft_phase_num_at_min": 0,
  "fft_phase_num_clamped": 0,
  "fft_spatial_delta_mse": 0.0,
  "foldover_fraction": 0.0,
  "fraction_clamped_total": 0.31958762886597936,
  "identity_angle_degrees": 27.11343765258789,
  "identity_angle_radians": 0.47321873903274536,
  "identity_cosine_distance": 0.1098940372467041,
  "identity_cosine_similarity_raw": 0.8901059627532959,
  "identity_l2_embedding_distance": 0.46881574392318726,
  "identity_similarity_score_pct": 89.0105972290039,
  "iter": 625,
  "jacobian_det_min": 0.9280036687850952,
  "l2_to_original": 0.029384247958660126,
  "learning_rate": 0.05,
  "legacy_fft_strength_equivalent": 0.0,
  "loss": 0.8901059627532959,
  "mse_to_original": 0.0008634340483695269,
  "num_at_max_total": 46,
  "num_at_min_total": 47,
  "num_clamped_total": 93,
  "num_total_params": 291,
  "original_embedding_norm": 1.0,
  "peak_vram_gb": 5.321223258972168,
  "perturbed_edit_embedding_norm": 1.0,
  "perturbed_embedding_norm": 1.0,
  "prompt": "add black sunglasses",
  "psnr_to_original": 30.63770829518706,
  "rolling_enabled": 1,
  "rolling_grad_norm": 0.008692615665495396,
  "rolling_max_disp": 0.446105420589447,
  "rolling_mean_disp": 0.25654521584510803,
  "rolling_num_at_max": 0,
  "rolling_num_at_min": 0,
  "rolling_p95_disp": 0.443970263004303,
  "rolling_param_max": 0.6791824102401733,
  "rolling_param_mean_abs": 0.600559413433075,
  "rolling_param_min": -0.5219364166259766,
  "seconds_elapsed": 5014.570847539231,
  "seconds_iter": 9.622696537524462,
  "seed": 250852,
  "smoothness_tv": 0.020366836339235306,
  "ssim_to_original": 0.9934080839157104,
  "total_geometry_grad_norm": 0.013639429584145546,
  "total_grad_norm": 0.013639429584145546,
  "tps_enabled": 1,
  "tps_grad_norm": 0.00608771713450551,
  "tps_max_disp": 1.9291996955871582,
  "tps_mean_disp": 0.4209130108356476,
  "tps_num_at_max": 0,
  "tps_num_at_min": 0,
  "tps_p95_disp": 1.1569414138793945,
  "tps_param_max": 1.607122540473938,
  "tps_param_mean_abs": 0.29724669456481934,
  "tps_param_min": -1.33328378200531
}
