{
  "Z": 0.8893132209777832,
  "best_Z_so_far": 0.8836501240730286,
  "best_iter_so_far": 81,
  "case_id": "face_002__add_black_sunglasses",
  "clean_edit_embedding_norm": 1.0,
  "combined_max_disp_px": 4.424940586090088,
  "combined_mean_disp_px": 0.9616062641143799,
  "combined_p95_disp_px": 2.153197765350342,
  "components_at_boundary": "dct",
  "dct_clipped_high_fraction": 3.0517578125e-05,
  "dct_clipped_low_fraction": 0.0014063518028706312,
  "dct_coefficient_delta_l1": 0.004689342342317104,
  "dct_coefficient_delta_l2": 0.01551054511219263,
  "dct_dc_energy": 21.757715225219727,
  "dct_enabled": 1,
  "dct_frequency_mask_mode": "all_ac",
  "dct_gain_grad_norm": 0.009540230967104435,
  "dct_gain_l2": 5.7160539627075195,
  "dct_gain_max": 0.5,
  "dct_gain_mean": 0.09327063709497452,
  "dct_gain_mean_abs": 0.3852579593658447,
  "dct_gain_min": -0.5,
  "dct_high_frequency_energy_after": 6.083698463044129e-05,
  "dct_high_frequency_energy_before": 4.279828135622665e-05,
  "dct_input_coefficient_energy": 0.34234368801116943,
  "dct_low_frequency_energy_after": 0.013704569078981876,
  "dct_low_frequency_energy_before": 0.01546237338334322,
  "dct_mid_frequency_energy_after": 0.0005087268655188382,
  "dct_mid_frequency_energy_before": 0.00045846650027669966,
  "dct_num_at_max": 55,
  "dct_num_at_min": 30,
  "dct_num_clamped": 85,
  "dct_output_coefficient_energy": 0.3421248197555542,
  "dct_relative_energy_change": -0.0006393232033587992,
  "dct_selected_frequency_count": 189,
  "dct_spatial_delta_l1": 0.009039115160703659,
  "dct_spatial_delta_l2": 0.015483515337109566,
  "dct_spatial_delta_max_abs": 0.2195512056350708,
  "dct_spatial_delta_mse": 0.00023973923816811293,
  "delaunay_enabled": 1,
  "delaunay_grad_norm": 0.004408422391861677,
  "delaunay_max_disp": 4.542995452880859,
  "delaunay_mean_disp": 0.7968384623527527,
  "delaunay_num_at_max": 0,
  "delaunay_num_at_min": 0,
  "delaunay_p95_disp": 2.273683547973633,
  "delaunay_param_max": 4.402177333831787,
  "delaunay_param_mean_abs": 0.7087469100952148,
  "delaunay_param_min": -3.3305962085723877,
  "edit_identity_angle_degrees": 27.212926864624023,
  "edit_identity_angle_radians": 0.47495517134666443,
  "edit_identity_cosine_distance": 0.1106867790222168,
  "edit_identity_cosine_similarity_raw": 0.8893132209777832,
  "edit_identity_l2_embedding_distance": 0.4705035388469696,
  "edit_identity_similarity_score_pct": 88.93132019042969,
  "editor_num_inference_steps": 20,
  "face_id": "face_002",
  "fft_phase_enabled": 0,
  "fft_phase_grad_norm": 0.0,
  "fft_phase_max_abs": 0.0,
  "fft_phase_mean_abs": 0.0,
  "fft_phase_norm": 0.0,
  "fft_phase_num_at_max": 0,
  "fft_phase_num_at_min": 0,
  "fft_phase_num_clamped": 0,
  "fft_spatial_delta_mse": 0.0,
  "foldover_fraction": 0.0,
  "fraction_clamped_total": 0.2920962199312715,
  "identity_angle_degrees": 27.212926864624023,
  "identity_angle_radians": 0.47495517134666443,
  "identity_cosine_distance": 0.1106867790222168,
  "identity_cosine_similarity_raw": 0.8893132209777832,
  "identity_l2_embedding_distance": 0.4705035388469696,
  "identity_similarity_score_pct": 88.93132019042969,
  "iter": 925,
  "jacobian_det_min": 0.8926582336425781,
  "l2_to_original": 0.034766361117362976,
  "learning_rate": 0.05,
  "legacy_fft_strength_equivalent": 0.0,
  "loss": 0.8893132209777832,
  "mse_to_original": 0.0012086997739970684,
  "num_at_max_total": 55,
  "num_at_min_total": 30,
  "num_clamped_total": 85,
  "num_total_params": 291,
  "original_embedding_norm": 1.0,
  "peak_vram_gb": 5.321223258972168,
  "perturbed_edit_embedding_norm": 1.0,
  "perturbed_embedding_norm": 1.0,
  "prompt": "add black sunglasses",
  "psnr_to_original": 29.17681559096423,
  "rolling_enabled": 1,
  "rolling_grad_norm": 0.004536898341029882,
  "rolling_max_disp": 0.7432757616043091,
  "rolling_mean_disp": 0.42778170108795166,
  "rolling_num_at_max": 0,
  "rolling_num_at_min": 0,
  "rolling_p95_disp": 0.739601731300354,
  "rolling_param_max": 1.1387684345245361,
  "rolling_param_mean_abs": 1.0052506923675537,
  "rolling_param_min": -0.8717330694198608,
  "seconds_elapsed": 6956.647102346644,
  "seconds_iter": 5.801513683050871,
  "seed": 250852,
  "smoothness_tv": 0.027622269466519356,
  "ssim_to_original": 0.990763783454895,
  "total_geometry_grad_norm": 0.012486150488257408,
  "total_grad_norm": 0.012486150488257408,
  "tps_enabled": 1,
  "tps_grad_norm": 0.00498701399192214,
  "tps_max_disp": 2.6091420650482178,
  "tps_mean_disp": 0.5626800656318665,
  "tps_num_at_max": 0,
  "tps_num_at_min": 0,
  "tps_p95_disp": 1.5437140464782715,
  "tps_param_max": 1.889865517616272,
  "tps_param_mean_abs": 0.3580074906349182,
  "tps_param_min": -2.0505168437957764
}
