{
  "Z": 0.8892422914505005,
  "best_Z_so_far": 0.8836501240730286,
  "best_iter_so_far": 81,
  "case_id": "face_002__add_black_sunglasses",
  "clean_edit_embedding_norm": 1.0,
  "combined_max_disp_px": 2.0074262619018555,
  "combined_mean_disp_px": 0.49732497334480286,
  "combined_p95_disp_px": 1.1840859651565552,
  "components_at_boundary": "dct",
  "dct_clipped_high_fraction": 1.2715658158413135e-05,
  "dct_clipped_low_fraction": 0.002704620361328125,
  "dct_coefficient_delta_l1": 0.004945943132042885,
  "dct_coefficient_delta_l2": 0.01635046675801277,
  "dct_dc_energy": 21.750961303710938,
  "dct_enabled": 1,
  "dct_frequency_mask_mode": "all_ac",
  "dct_gain_grad_norm": 0.0077346088364720345,
  "dct_gain_l2": 5.894755840301514,
  "dct_gain_max": 0.5,
  "dct_gain_mean": -0.01710454747080803,
  "dct_gain_mean_abs": 0.40339216589927673,
  "dct_gain_min": -0.5,
  "dct_high_frequency_energy_after": 5.196433994569816e-05,
  "dct_high_frequency_energy_before": 4.596529106493108e-05,
  "dct_input_coefficient_energy": 0.34223970770835876,
  "dct_low_frequency_energy_after": 0.015191353857517242,
  "dct_low_frequency_energy_before": 0.015421157702803612,
  "dct_mid_frequency_energy_after": 0.00047106697456911206,
  "dct_mid_frequency_energy_before": 0.0004730672517325729,
  "dct_num_at_max": 47,
  "dct_num_at_min": 43,
  "dct_num_clamped": 90,
  "dct_output_coefficient_energy": 0.34220919013023376,
  "dct_relative_energy_change": -8.917018567444757e-05,
  "dct_selected_frequency_count": 189,
  "dct_spatial_delta_l1": 0.009383759461343288,
  "dct_spatial_delta_l2": 0.01624610461294651,
  "dct_spatial_delta_max_abs": 0.23018300533294678,
  "dct_spatial_delta_mse": 0.00026393591542728245,
  "delaunay_enabled": 1,
  "delaunay_grad_norm": 0.0029992612544447184,
  "delaunay_max_disp": 2.3509621620178223,
  "delaunay_mean_disp": 0.3298593759536743,
  "delaunay_num_at_max": 0,
  "delaunay_num_at_min": 0,
  "delaunay_p95_disp": 0.9915549755096436,
  "delaunay_param_max": 2.113957166671753,
  "delaunay_param_mean_abs": 0.39288410544395447,
  "delaunay_param_min": -1.476699709892273,
  "edit_identity_angle_degrees": 27.221813201904297,
  "edit_identity_angle_radians": 0.47511026263237,
  "edit_identity_cosine_distance": 0.11075770854949951,
  "edit_identity_cosine_similarity_raw": 0.8892422914505005,
  "edit_identity_l2_embedding_distance": 0.4706541895866394,
  "edit_identity_similarity_score_pct": 88.92423248291016,
  "editor_num_inference_steps": 20,
  "face_id": "face_002",
  "fft_phase_enabled": 0,
  "fft_phase_grad_norm": 0.0,
  "fft_phase_max_abs": 0.0,
  "fft_phase_mean_abs": 0.0,
  "fft_phase_norm": 0.0,
  "fft_phase_num_at_max": 0,
  "fft_phase_num_at_min": 0,
  "fft_phase_num_clamped": 0,
  "fft_spatial_delta_mse": 0.0,
  "foldover_fraction": 0.0,
  "fraction_clamped_total": 0.30927835051546393,
  "identity_angle_degrees": 27.221813201904297,
  "identity_angle_radians": 0.47511026263237,
  "identity_cosine_distance": 0.11075770854949951,
  "identity_cosine_similarity_raw": 0.8892422914505005,
  "identity_l2_embedding_distance": 0.4706541895866394,
  "identity_similarity_score_pct": 88.92423248291016,
  "iter": 225,
  "jacobian_det_min": 0.9703234434127808,
  "l2_to_original": 0.025207942351698875,
  "learning_rate": 0.05,
  "legacy_fft_strength_equivalent": 0.0,
  "loss": 0.8892422914505005,
  "mse_to_original": 0.0006354404031299055,
  "num_at_max_total": 47,
  "num_at_min_total": 43,
  "num_clamped_total": 90,
  "num_total_params": 291,
  "original_embedding_norm": 1.0,
  "peak_vram_gb": 5.321223258972168,
  "perturbed_edit_embedding_norm": 1.0,
  "perturbed_embedding_norm": 1.0,
  "prompt": "add black sunglasses",
  "psnr_to_original": 31.96925174937707,
  "rolling_enabled": 1,
  "rolling_grad_norm": 0.0017194462707266212,
  "rolling_max_disp": 0.2712932527065277,
  "rolling_mean_disp": 0.1253032237291336,
  "rolling_num_at_max": 0,
  "rolling_num_at_min": 0,
  "rolling_p95_disp": 0.2228083312511444,
  "rolling_param_max": 0.3613608181476593,
  "rolling_param_mean_abs": 0.35737401247024536,
  "rolling_param_min": -0.35338717699050903,
  "seconds_elapsed": 1459.081922430545,
  "seconds_iter": 6.104769434779882,
  "seed": 250852,
  "smoothness_tv": 0.012271302752196789,
  "ssim_to_original": 0.9951529502868652,
  "total_geometry_grad_norm": 0.009177004918456078,
  "total_grad_norm": 0.009177004918456078,
  "tps_enabled": 1,
  "tps_grad_norm": 0.003527206601575017,
  "tps_max_disp": 1.1634420156478882,
  "tps_mean_disp": 0.3082323670387268,
  "tps_num_at_max": 0,
  "tps_num_at_min": 0,
  "tps_p95_disp": 0.873526930809021,
  "tps_param_max": 1.0510249137878418,
  "tps_param_mean_abs": 0.2210877537727356,
  "tps_param_min": -0.9337352514266968
}
