{
  "Z": 0.8824553489685059,
  "best_Z_so_far": 0.869856595993042,
  "best_iter_so_far": 329,
  "case_id": "face_005__add_headphones",
  "clean_edit_embedding_norm": 1.0,
  "combined_max_disp_px": 7.67968225479126,
  "combined_mean_disp_px": 1.5306533575057983,
  "combined_p95_disp_px": 4.585029602050781,
  "components_at_boundary": "dct",
  "dct_clipped_high_fraction": 0.01017634104937315,
  "dct_clipped_low_fraction": 0.0012079875450581312,
  "dct_coefficient_delta_l1": 0.00435840617865324,
  "dct_coefficient_delta_l2": 0.016548199579119682,
  "dct_dc_energy": 24.580785751342773,
  "dct_enabled": 1,
  "dct_frequency_mask_mode": "all_ac",
  "dct_gain_grad_norm": 0.011363347992300987,
  "dct_gain_l2": 6.045444965362549,
  "dct_gain_max": 0.5,
  "dct_gain_mean": -0.03854833170771599,
  "dct_gain_mean_abs": 0.4172627031803131,
  "dct_gain_min": -0.5,
  "dct_high_frequency_energy_after": 2.4153090635081753e-05,
  "dct_high_frequency_energy_before": 3.1777217373019084e-05,
  "dct_input_coefficient_energy": 0.3861630856990814,
  "dct_low_frequency_energy_after": 0.02009356953203678,
  "dct_low_frequency_energy_before": 0.013962220400571823,
  "dct_mid_frequency_energy_after": 0.000393183232517913,
  "dct_mid_frequency_energy_before": 0.0002731580752879381,
  "dct_num_at_max": 49,
  "dct_num_at_min": 58,
  "dct_num_clamped": 107,
  "dct_output_coefficient_energy": 0.3870707154273987,
  "dct_relative_energy_change": 0.0023503792472183704,
  "dct_selected_frequency_count": 189,
  "dct_spatial_delta_l1": 0.00943065620958805,
  "dct_spatial_delta_l2": 0.01629844307899475,
  "dct_spatial_delta_max_abs": 0.23721379041671753,
  "dct_spatial_delta_mse": 0.00026563924620859325,
  "delaunay_enabled": 1,
  "delaunay_grad_norm": 0.005919447634369135,
  "delaunay_max_disp": 5.70944881439209,
  "delaunay_mean_disp": 1.2896275520324707,
  "delaunay_num_at_max": 0,
  "delaunay_num_at_min": 0,
  "delaunay_p95_disp": 3.947988271713257,
  "delaunay_param_max": 5.254257678985596,
  "delaunay_param_mean_abs": 0.9084233045578003,
  "delaunay_param_min": -5.613922119140625,
  "edit_identity_angle_degrees": 28.060016632080078,
  "edit_identity_angle_radians": 0.48973968625068665,
  "edit_identity_cosine_distance": 0.11754465103149414,
  "edit_identity_cosine_similarity_raw": 0.8824553489685059,
  "edit_identity_l2_embedding_distance": 0.4848600924015045,
  "edit_identity_similarity_score_pct": 88.24553680419922,
  "editor_num_inference_steps": 20,
  "face_id": "face_005",
  "fft_phase_enabled": 0,
  "fft_phase_grad_norm": 0.0,
  "fft_phase_max_abs": 0.0,
  "fft_phase_mean_abs": 0.0,
  "fft_phase_norm": 0.0,
  "fft_phase_num_at_max": 0,
  "fft_phase_num_at_min": 0,
  "fft_phase_num_clamped": 0,
  "fft_spatial_delta_mse": 0.0,
  "foldover_fraction": 0.0,
  "fraction_clamped_total": 0.36769759450171824,
  "identity_angle_degrees": 28.060016632080078,
  "identity_angle_radians": 0.48973968625068665,
  "identity_cosine_distance": 0.11754465103149414,
  "identity_cosine_similarity_raw": 0.8824553489685059,
  "identity_l2_embedding_distance": 0.4848600924015045,
  "identity_similarity_score_pct": 88.24553680419922,
  "iter": 1675,
  "jacobian_det_min": 0.8715992569923401,
  "l2_to_original": 0.0323629230260849,
  "learning_rate": 0.05,
  "legacy_fft_strength_equivalent": 0.0,
  "loss": 0.8824553489685059,
  "mse_to_original": 0.0010473588481545448,
  "num_at_max_total": 49,
  "num_at_min_total": 58,
  "num_clamped_total": 107,
  "num_total_params": 291,
  "original_embedding_norm": 1.0,
  "peak_vram_gb": 5.326680660247803,
  "perturbed_edit_embedding_norm": 0.9999999403953552,
  "perturbed_embedding_norm": 0.9999999403953552,
  "prompt": "add headphones",
  "psnr_to_original": 29.799044939923924,
  "rolling_enabled": 1,
  "rolling_grad_norm": 0.0030470089986920357,
  "rolling_max_disp": 0.2060122787952423,
  "rolling_mean_disp": 0.07195530086755753,
  "rolling_num_at_max": 0,
  "rolling_num_at_min": 0,
  "rolling_p95_disp": 0.17280201613903046,
  "rolling_param_max": 0.22560328245162964,
  "rolling_param_mean_abs": 0.23581355810165405,
  "rolling_param_min": -0.24602383375167847,
  "seconds_elapsed": 9667.874761424959,
  "seconds_iter": 6.504244429990649,
  "seed": 405993,
  "smoothness_tv": 0.03547842800617218,
  "ssim_to_original": 0.992157518863678,
  "total_geometry_grad_norm": 0.015031238086521626,
  "total_grad_norm": 0.015031238086521626,
  "tps_enabled": 1,
  "tps_grad_norm": 0.007244881242513657,
  "tps_max_disp": 4.155488014221191,
  "tps_mean_disp": 1.27580988407135,
  "tps_num_at_max": 0,
  "tps_num_at_min": 0,
  "tps_p95_disp": 3.307267189025879,
  "tps_param_max": 3.7770230770111084,
  "tps_param_mean_abs": 0.697375476360321,
  "tps_param_min": -4.09348726272583
}
