{
  "elapsed_seconds": 1322.7513898164034,
  "final_Z": 0.9907366633415222,
  "status": "done"
}
