{
  "Z": 0.8849389553070068,
  "best_Z_so_far": 0.8822601437568665,
  "best_iter_so_far": 309,
  "case_id": "face_002__add_headphones",
  "clean_edit_embedding_norm": 1.0,
  "combined_max_disp_px": 2.987342596054077,
  "combined_mean_disp_px": 0.674461841583252,
  "combined_p95_disp_px": 1.5796900987625122,
  "components_at_boundary": "dct",
  "dct_clipped_high_fraction": 2.4159749955288135e-05,
  "dct_clipped_low_fraction": 0.0020192465744912624,
  "dct_coefficient_delta_l1": 0.005580670200288296,
  "dct_coefficient_delta_l2": 0.01947900280356407,
  "dct_dc_energy": 21.74074363708496,
  "dct_enabled": 1,
  "dct_frequency_mask_mode": "all_ac",
  "dct_gain_grad_norm": 0.005512384697794914,
  "dct_gain_l2": 6.258553504943848,
  "dct_gain_max": 0.5,
  "dct_gain_mean": -0.030355941504240036,
  "dct_gain_mean_abs": 0.4341674745082855,
  "dct_gain_min": -0.5,
  "dct_high_frequency_energy_after": 5.495678124134429e-05,
  "dct_high_frequency_energy_before": 5.370500366552733e-05,
  "dct_input_coefficient_energy": 0.3420807719230652,
  "dct_low_frequency_energy_after": 0.014393647201359272,
  "dct_low_frequency_energy_before": 0.015356574207544327,
  "dct_mid_frequency_energy_after": 0.0006131291156634688,
  "dct_mid_frequency_energy_before": 0.0004889248521067202,
  "dct_num_at_max": 65,
  "dct_num_at_min": 74,
  "dct_num_clamped": 139,
  "dct_output_coefficient_energy": 0.34199637174606323,
  "dct_relative_energy_change": -0.00024672586005181074,
  "dct_selected_frequency_count": 189,
  "dct_spatial_delta_l1": 0.011262718588113785,
  "dct_spatial_delta_l2": 0.019380638375878334,
  "dct_spatial_delta_max_abs": 0.38642075657844543,
  "dct_spatial_delta_mse": 0.000375609117327258,
  "delaunay_enabled": 1,
  "delaunay_grad_norm": 0.0021679599303752184,
  "delaunay_max_disp": 2.031050205230713,
  "delaunay_mean_disp": 0.43636107444763184,
  "delaunay_num_at_max": 0,
  "delaunay_num_at_min": 0,
  "delaunay_p95_disp": 1.2235302925109863,
  "delaunay_param_max": 1.818466305732727,
  "delaunay_param_mean_abs": 0.4905397295951843,
  "delaunay_param_min": -1.6666007041931152,
  "edit_identity_angle_degrees": 27.755990982055664,
  "edit_identity_angle_radians": 0.4844334125518799,
  "edit_identity_cosine_distance": 0.11506104469299316,
  "edit_identity_cosine_similarity_raw": 0.8849389553070068,
  "edit_identity_l2_embedding_distance": 0.4797104597091675,
  "edit_identity_similarity_score_pct": 88.493896484375,
  "editor_num_inference_steps": 20,
  "face_id": "face_002",
  "fft_phase_enabled": 0,
  "fft_phase_grad_norm": 0.0,
  "fft_phase_max_abs": 0.0,
  "fft_phase_mean_abs": 0.0,
  "fft_phase_norm": 0.0,
  "fft_phase_num_at_max": 0,
  "fft_phase_num_at_min": 0,
  "fft_phase_num_clamped": 0,
  "fft_spatial_delta_mse": 0.0,
  "foldover_fraction": 0.0,
  "fraction_clamped_total": 0.47766323024054985,
  "identity_angle_degrees": 27.755990982055664,
  "identity_angle_radians": 0.4844334125518799,
  "identity_cosine_distance": 0.11506104469299316,
  "identity_cosine_similarity_raw": 0.8849389553070068,
  "identity_l2_embedding_distance": 0.4797104597091675,
  "identity_similarity_score_pct": 88.493896484375,
  "iter": 1125,
  "jacobian_det_min": 0.9667031168937683,
  "l2_to_original": 0.031165877357125282,
  "learning_rate": 0.05,
  "legacy_fft_strength_equivalent": 0.0,
  "loss": 0.8849389553070068,
  "mse_to_original": 0.0009713118779473007,
  "num_at_max_total": 65,
  "num_at_min_total": 74,
  "num_clamped_total": 139,
  "num_total_params": 291,
  "original_embedding_norm": 1.0,
  "peak_vram_gb": 5.326680660247803,
  "perturbed_edit_embedding_norm": 0.9999999403953552,
  "perturbed_embedding_norm": 0.9999999403953552,
  "prompt": "add headphones",
  "psnr_to_original": 30.126413003454093,
  "rolling_enabled": 1,
  "rolling_grad_norm": 0.005969112738966942,
  "rolling_max_disp": 0.16919822990894318,
  "rolling_mean_disp": 0.11513103544712067,
  "rolling_num_at_max": 0,
  "rolling_num_at_min": 0,
  "rolling_p95_disp": 0.16879498958587646,
  "rolling_param_max": 0.11668597161769867,
  "rolling_param_mean_abs": 0.10372680425643921,
  "rolling_param_min": 0.09076764434576035,
  "seconds_elapsed": 8163.198669636622,
  "seconds_iter": 6.259295893833041,
  "seed": 438717,
  "smoothness_tv": 0.013889776542782784,
  "ssim_to_original": 0.9925849437713623,
  "total_geometry_grad_norm": 0.008888881653547287,
  "total_grad_norm": 0.008888881653547287,
  "tps_enabled": 1,
  "tps_grad_norm": 0.0028801867738366127,
  "tps_max_disp": 2.1346216201782227,
  "tps_mean_disp": 0.6836694478988647,
  "tps_num_at_max": 0,
  "tps_num_at_min": 0,
  "tps_p95_disp": 1.7355427742004395,
  "tps_param_max": 1.841598629951477,
  "tps_param_mean_abs": 0.39251551032066345,
  "tps_param_min": -2.062842845916748
}
