{
  "Z": 0.8834739923477173,
  "best_Z_so_far": 0.8819670677185059,
  "best_iter_so_far": 1199,
  "case_id": "face_002__add_black_sunglasses",
  "clean_edit_embedding_norm": 1.0,
  "combined_max_disp_px": 6.53908109664917,
  "combined_mean_disp_px": 1.1253395080566406,
  "combined_p95_disp_px": 2.8779914379119873,
  "components_at_boundary": "dct",
  "dct_clipped_high_fraction": 2.6702880859375e-05,
  "dct_clipped_low_fraction": 0.002529144287109375,
  "dct_coefficient_delta_l1": 0.0047657000832259655,
  "dct_coefficient_delta_l2": 0.01541533600538969,
  "dct_dc_energy": 21.76666259765625,
  "dct_enabled": 1,
  "dct_frequency_mask_mode": "all_ac",
  "dct_gain_grad_norm": 0.0067814793437719345,
  "dct_gain_l2": 5.854191303253174,
  "dct_gain_max": 0.5,
  "dct_gain_mean": 0.08048248291015625,
  "dct_gain_mean_abs": 0.39734938740730286,
  "dct_gain_min": -0.5,
  "dct_high_frequency_energy_after": 5.527968824026175e-05,
  "dct_high_frequency_energy_before": 4.096733755432069e-05,
  "dct_input_coefficient_energy": 0.34246569871902466,
  "dct_low_frequency_energy_after": 0.015765972435474396,
  "dct_low_frequency_energy_before": 0.015365304425358772,
  "dct_mid_frequency_energy_after": 0.0005142682348378003,
  "dct_mid_frequency_energy_before": 0.00045031338231638074,
  "dct_num_at_max": 64,
  "dct_num_at_min": 44,
  "dct_num_clamped": 108,
  "dct_output_coefficient_energy": 0.3425543010234833,
  "dct_relative_energy_change": 0.00025871876277960837,
  "dct_selected_frequency_count": 189,
  "dct_spatial_delta_l1": 0.00909835658967495,
  "dct_spatial_delta_l2": 0.01533100102096796,
  "dct_spatial_delta_max_abs": 0.2221202552318573,
  "dct_spatial_delta_mse": 0.00023503959528170526,
  "delaunay_enabled": 1,
  "delaunay_grad_norm": 0.003718156600371003,
  "delaunay_max_disp": 4.910702228546143,
  "delaunay_mean_disp": 0.9149282574653625,
  "delaunay_num_at_max": 0,
  "delaunay_num_at_min": 0,
  "delaunay_p95_disp": 2.7178452014923096,
  "delaunay_param_max": 4.223150730133057,
  "delaunay_param_mean_abs": 0.8105581402778625,
  "delaunay_param_min": -4.609034538269043,
  "edit_identity_angle_degrees": 27.93568992614746,
  "edit_identity_angle_radians": 0.48756974935531616,
  "edit_identity_cosine_distance": 0.11652600765228271,
  "edit_identity_cosine_similarity_raw": 0.8834739923477173,
  "edit_identity_l2_embedding_distance": 0.48275479674339294,
  "edit_identity_similarity_score_pct": 88.34739685058594,
  "editor_num_inference_steps": 20,
  "face_id": "face_002",
  "fft_phase_enabled": 0,
  "fft_phase_grad_norm": 0.0,
  "fft_phase_max_abs": 0.0,
  "fft_phase_mean_abs": 0.0,
  "fft_phase_norm": 0.0,
  "fft_phase_num_at_max": 0,
  "fft_phase_num_at_min": 0,
  "fft_phase_num_clamped": 0,
  "fft_spatial_delta_mse": 0.0,
  "foldover_fraction": 0.0,
  "fraction_clamped_total": 0.3711340206185567,
  "identity_angle_degrees": 27.93568992614746,
  "identity_angle_radians": 0.48756974935531616,
  "identity_cosine_distance": 0.11652600765228271,
  "identity_cosine_similarity_raw": 0.8834739923477173,
  "identity_l2_embedding_distance": 0.48275479674339294,
  "identity_similarity_score_pct": 88.34739685058594,
  "iter": 1200,
  "jacobian_det_min": 0.8545116186141968,
  "l2_to_original": 0.038596827536821365,
  "learning_rate": 0.05,
  "legacy_fft_strength_equivalent": 0.0,
  "loss": 0.8834739923477173,
  "mse_to_original": 0.00148971495218575,
  "num_at_max_total": 64,
  "num_at_min_total": 44,
  "num_clamped_total": 108,
  "num_total_params": 291,
  "original_embedding_norm": 1.0,
  "peak_vram_gb": 5.323420524597168,
  "perturbed_edit_embedding_norm": 0.9999999403953552,
  "perturbed_embedding_norm": 0.9999999403953552,
  "prompt": "add black sunglasses",
  "psnr_to_original": 28.268968232224438,
  "rolling_enabled": 1,
  "rolling_grad_norm": 0.0016704127192497253,
  "rolling_max_disp": 0.8926464319229126,
  "rolling_mean_disp": 0.5131459832191467,
  "rolling_num_at_max": 0,
  "rolling_num_at_min": 0,
  "rolling_p95_disp": 0.888416051864624,
  "rolling_param_max": 1.3691188097000122,
  "rolling_param_mean_abs": 1.2016513347625732,
  "rolling_param_min": -1.0341839790344238,
  "seconds_elapsed": 8656.94933128357,
  "seconds_iter": 7.826150776818395,
  "seed": 250852,
  "smoothness_tv": 0.03158256411552429,
  "ssim_to_original": 0.988640546798706,
  "total_geometry_grad_norm": 0.008860328234732151,
  "total_grad_norm": 0.008860328234732151,
  "tps_enabled": 1,
  "tps_grad_norm": 0.003987730015069246,
  "tps_max_disp": 2.116926431655884,
  "tps_mean_disp": 0.5973882079124451,
  "tps_num_at_max": 0,
  "tps_num_at_min": 0,
  "tps_p95_disp": 1.6273573637008667,
  "tps_param_max": 1.5477070808410645,
  "tps_param_mean_abs": 0.35371384024620056,
  "tps_param_min": -1.7313624620437622
}
