{
  "Z": 0.8906131386756897,
  "best_Z_so_far": 0.8887966871261597,
  "best_iter_so_far": 1030,
  "case_id": "face_005__add_black_sunglasses",
  "clean_edit_embedding_norm": 0.9999999403953552,
  "combined_max_disp_px": 4.385725498199463,
  "combined_mean_disp_px": 1.0536319017410278,
  "combined_p95_disp_px": 2.688591957092285,
  "components_at_boundary": "dct",
  "dct_clipped_high_fraction": 0.008021037094295025,
  "dct_clipped_low_fraction": 0.000881195068359375,
  "dct_coefficient_delta_l1": 0.004658468998968601,
  "dct_coefficient_delta_l2": 0.017789361998438835,
  "dct_dc_energy": 24.62566375732422,
  "dct_enabled": 1,
  "dct_frequency_mask_mode": "all_ac",
  "dct_gain_grad_norm": 0.0058824848383665085,
  "dct_gain_l2": 6.018913745880127,
  "dct_gain_max": 0.5,
  "dct_gain_mean": 0.034289564937353134,
  "dct_gain_mean_abs": 0.4129604995250702,
  "dct_gain_min": -0.5,
  "dct_high_frequency_energy_after": 3.111743717454374e-05,
  "dct_high_frequency_energy_before": 3.0108018108876422e-05,
  "dct_input_coefficient_energy": 0.3868419826030731,
  "dct_low_frequency_energy_after": 0.014556617476046085,
  "dct_low_frequency_energy_before": 0.013820321299135685,
  "dct_mid_frequency_energy_after": 0.00029323677881620824,
  "dct_mid_frequency_energy_before": 0.0002690487599465996,
  "dct_num_at_max": 62,
  "dct_num_at_min": 48,
  "dct_num_clamped": 110,
  "dct_output_coefficient_energy": 0.38695579767227173,
  "dct_relative_energy_change": 0.00029421591898426414,
  "dct_selected_frequency_count": 189,
  "dct_spatial_delta_l1": 0.010284952819347382,
  "dct_spatial_delta_l2": 0.01767718605697155,
  "dct_spatial_delta_max_abs": 0.3132671117782593,
  "dct_spatial_delta_mse": 0.00031248287996277213,
  "delaunay_enabled": 1,
  "delaunay_grad_norm": 0.006616686470806599,
  "delaunay_max_disp": 3.7592687606811523,
  "delaunay_mean_disp": 0.617186427116394,
  "delaunay_num_at_max": 0,
  "delaunay_num_at_min": 0,
  "delaunay_p95_disp": 1.950888752937317,
  "delaunay_param_max": 3.6518633365631104,
  "delaunay_param_mean_abs": 0.5988281965255737,
  "delaunay_param_min": -1.6706652641296387,
  "edit_identity_angle_degrees": 27.049606323242188,
  "edit_identity_angle_radians": 0.4721046984195709,
  "edit_identity_cosine_distance": 0.1093868613243103,
  "edit_identity_cosine_similarity_raw": 0.8906131386756897,
  "edit_identity_l2_embedding_distance": 0.46773260831832886,
  "edit_identity_similarity_score_pct": 89.06131744384766,
  "editor_num_inference_steps": 20,
  "face_id": "face_005",
  "fft_phase_enabled": 0,
  "fft_phase_grad_norm": 0.0,
  "fft_phase_max_abs": 0.0,
  "fft_phase_mean_abs": 0.0,
  "fft_phase_norm": 0.0,
  "fft_phase_num_at_max": 0,
  "fft_phase_num_at_min": 0,
  "fft_phase_num_clamped": 0,
  "fft_spatial_delta_mse": 0.0,
  "foldover_fraction": 0.0,
  "fraction_clamped_total": 0.37800687285223367,
  "identity_angle_degrees": 27.049606323242188,
  "identity_angle_radians": 0.4721046984195709,
  "identity_cosine_distance": 0.1093868613243103,
  "identity_cosine_similarity_raw": 0.8906131386756897,
  "identity_l2_embedding_distance": 0.46773260831832886,
  "identity_similarity_score_pct": 89.06131744384766,
  "iter": 1075,
  "jacobian_det_min": 0.9392269849777222,
  "l2_to_original": 0.03126003220677376,
  "learning_rate": 0.05,
  "legacy_fft_strength_equivalent": 0.0,
  "loss": 0.8906131386756897,
  "mse_to_original": 0.0009771895129233599,
  "num_at_max_total": 62,
  "num_at_min_total": 48,
  "num_clamped_total": 110,
  "num_total_params": 291,
  "original_embedding_norm": 0.9999999403953552,
  "peak_vram_gb": 5.326680660247803,
  "perturbed_edit_embedding_norm": 1.0,
  "perturbed_embedding_norm": 1.0,
  "prompt": "add black sunglasses",
  "psnr_to_original": 30.100212024681007,
  "rolling_enabled": 1,
  "rolling_grad_norm": 0.0028852226678282022,
  "rolling_max_disp": 0.09348980337381363,
  "rolling_mean_disp": 0.05614473670721054,
  "rolling_num_at_max": 0,
  "rolling_num_at_min": 0,
  "rolling_p95_disp": 0.09315337240695953,
  "rolling_param_max": 0.10003110766410828,
  "rolling_param_mean_abs": 0.05392846465110779,
  "rolling_param_min": -0.007825825363397598,
  "seconds_elapsed": 7111.445389978588,
  "seconds_iter": 6.004701936617494,
  "seed": 67119,
  "smoothness_tv": 0.023449398577213287,
  "ssim_to_original": 0.9926285743713379,
  "total_geometry_grad_norm": 0.011786861345171928,
  "total_grad_norm": 0.011786861345171928,
  "tps_enabled": 1,
  "tps_grad_norm": 0.007226439192891121,
  "tps_max_disp": 3.285568952560425,
  "tps_mean_disp": 0.8012050986289978,
  "tps_num_at_max": 0,
  "tps_num_at_min": 0,
  "tps_p95_disp": 2.34956693649292,
  "tps_param_max": 2.264300584793091,
  "tps_param_mean_abs": 0.41396933794021606,
  "tps_param_min": -3.0544466972351074
}
