{
  "Z": 0.8718682527542114,
  "best_Z_so_far": 0.869856595993042,
  "best_iter_so_far": 329,
  "case_id": "face_005__add_headphones",
  "clean_edit_embedding_norm": 1.0,
  "combined_max_disp_px": 4.560005187988281,
  "combined_mean_disp_px": 0.9809141755104065,
  "combined_p95_disp_px": 2.94838285446167,
  "components_at_boundary": "dct",
  "dct_clipped_high_fraction": 0.009072622284293175,
  "dct_clipped_low_fraction": 0.0012270610313862562,
  "dct_coefficient_delta_l1": 0.004349249880760908,
  "dct_coefficient_delta_l2": 0.01631396822631359,
  "dct_dc_energy": 24.591577529907227,
  "dct_enabled": 1,
  "dct_frequency_mask_mode": "all_ac",
  "dct_gain_grad_norm": 0.00769506860524416,
  "dct_gain_l2": 6.139698505401611,
  "dct_gain_max": 0.5,
  "dct_gain_mean": -0.0034640301018953323,
  "dct_gain_mean_abs": 0.42538827657699585,
  "dct_gain_min": -0.5,
  "dct_high_frequency_energy_after": 3.0398663511732593e-05,
  "dct_high_frequency_energy_before": 3.166569513268769e-05,
  "dct_input_coefficient_energy": 0.3863391876220703,
  "dct_low_frequency_energy_after": 0.019173339009284973,
  "dct_low_frequency_energy_before": 0.014023617841303349,
  "dct_mid_frequency_energy_after": 0.00040105663356371224,
  "dct_mid_frequency_energy_before": 0.0002705056976992637,
  "dct_num_at_max": 60,
  "dct_num_at_min": 59,
  "dct_num_clamped": 119,
  "dct_output_coefficient_energy": 0.3871158957481384,
  "dct_relative_energy_change": 0.0020104306749999523,
  "dct_selected_frequency_count": 189,
  "dct_spatial_delta_l1": 0.009241092018783092,
  "dct_spatial_delta_l2": 0.016067693009972572,
  "dct_spatial_delta_max_abs": 0.3009534180164337,
  "dct_spatial_delta_mse": 0.00025817076675593853,
  "delaunay_enabled": 1,
  "delaunay_grad_norm": 0.004117676988244057,
  "delaunay_max_disp": 2.2967782020568848,
  "delaunay_mean_disp": 0.5050843954086304,
  "delaunay_num_at_max": 0,
  "delaunay_num_at_min": 0,
  "delaunay_p95_disp": 1.4061781167984009,
  "delaunay_param_max": 1.748268961906433,
  "delaunay_param_mean_abs": 0.46616846323013306,
  "delaunay_param_min": -2.2924325466156006,
  "edit_identity_angle_degrees": 29.32352638244629,
  "edit_identity_angle_radians": 0.5117920637130737,
  "edit_identity_cosine_distance": 0.12813174724578857,
  "edit_identity_cosine_similarity_raw": 0.8718682527542114,
  "edit_identity_l2_embedding_distance": 0.5062247514724731,
  "edit_identity_similarity_score_pct": 87.18682861328125,
  "editor_num_inference_steps": 20,
  "face_id": "face_005",
  "fft_phase_enabled": 0,
  "fft_phase_grad_norm": 0.0,
  "fft_phase_max_abs": 0.0,
  "fft_phase_mean_abs": 0.0,
  "fft_phase_norm": 0.0,
  "fft_phase_num_at_max": 0,
  "fft_phase_num_at_min": 0,
  "fft_phase_num_clamped": 0,
  "fft_spatial_delta_mse": 0.0,
  "foldover_fraction": 0.0,
  "fraction_clamped_total": 0.40893470790378006,
  "identity_angle_degrees": 29.32352638244629,
  "identity_angle_radians": 0.5117920637130737,
  "identity_cosine_distance": 0.12813174724578857,
  "identity_cosine_similarity_raw": 0.8718682527542114,
  "identity_l2_embedding_distance": 0.5062247514724731,
  "identity_similarity_score_pct": 87.18682861328125,
  "iter": 375,
  "jacobian_det_min": 0.9240754842758179,
  "l2_to_original": 0.026799309998750687,
  "learning_rate": 0.05,
  "legacy_fft_strength_equivalent": 0.0,
  "loss": 0.8718682527542114,
  "mse_to_original": 0.00071820302400738,
  "num_at_max_total": 60,
  "num_at_min_total": 59,
  "num_clamped_total": 119,
  "num_total_params": 291,
  "original_embedding_norm": 1.0,
  "peak_vram_gb": 5.326680660247803,
  "perturbed_edit_embedding_norm": 1.0,
  "perturbed_embedding_norm": 1.0,
  "prompt": "add headphones",
  "psnr_to_original": 31.43752770600988,
  "rolling_enabled": 1,
  "rolling_grad_norm": 0.002988564083352685,
  "rolling_max_disp": 0.2833521366119385,
  "rolling_mean_disp": 0.1590476930141449,
  "rolling_num_at_max": 0,
  "rolling_num_at_min": 0,
  "rolling_p95_disp": 0.28196558356285095,
  "rolling_param_max": 0.39366307854652405,
  "rolling_param_mean_abs": 0.31319567561149597,
  "rolling_param_min": -0.2327282875776291,
  "seconds_elapsed": 2190.168885104358,
  "seconds_iter": 5.831786369904876,
  "seed": 405993,
  "smoothness_tv": 0.020438972860574722,
  "ssim_to_original": 0.9946060180664062,
  "total_geometry_grad_norm": 0.010275606997311115,
  "total_grad_norm": 0.010275606997311115,
  "tps_enabled": 1,
  "tps_grad_norm": 0.00452628405764699,
  "tps_max_disp": 2.5690793991088867,
  "tps_mean_disp": 0.7049176096916199,
  "tps_num_at_max": 0,
  "tps_num_at_min": 0,
  "tps_p95_disp": 1.9676676988601685,
  "tps_param_max": 2.320126533508301,
  "tps_param_mean_abs": 0.4520285427570343,
  "tps_param_min": -2.5276381969451904
}
