{
  "Z": 0.889227032661438,
  "best_Z_so_far": 0.8819670677185059,
  "best_iter_so_far": 1199,
  "case_id": "face_002__add_black_sunglasses",
  "clean_edit_embedding_norm": 1.0,
  "combined_max_disp_px": 6.655398368835449,
  "combined_mean_disp_px": 1.1866109371185303,
  "combined_p95_disp_px": 3.0713696479797363,
  "components_at_boundary": "dct",
  "dct_clipped_high_fraction": 2.288818359375e-05,
  "dct_clipped_low_fraction": 0.0030835471116006374,
  "dct_coefficient_delta_l1": 0.0049852412194013596,
  "dct_coefficient_delta_l2": 0.016453374177217484,
  "dct_dc_energy": 21.772409439086914,
  "dct_enabled": 1,
  "dct_frequency_mask_mode": "all_ac",
  "dct_gain_grad_norm": 0.018533306196331978,
  "dct_gain_l2": 6.038334846496582,
  "dct_gain_max": 0.5,
  "dct_gain_mean": 0.14688758552074432,
  "dct_gain_mean_abs": 0.4171341359615326,
  "dct_gain_min": -0.5,
  "dct_high_frequency_energy_after": 5.82421307626646e-05,
  "dct_high_frequency_energy_before": 3.9930713683133945e-05,
  "dct_input_coefficient_energy": 0.34255704283714294,
  "dct_low_frequency_energy_after": 0.017136938869953156,
  "dct_low_frequency_energy_before": 0.01538698561489582,
  "dct_mid_frequency_energy_after": 0.0005674459389410913,
  "dct_mid_frequency_energy_before": 0.0004477147595025599,
  "dct_num_at_max": 74,
  "dct_num_at_min": 33,
  "dct_num_clamped": 107,
  "dct_output_coefficient_energy": 0.34285980463027954,
  "dct_relative_energy_change": 0.0008838288486003876,
  "dct_selected_frequency_count": 189,
  "dct_spatial_delta_l1": 0.009638331830501556,
  "dct_spatial_delta_l2": 0.016328411176800728,
  "dct_spatial_delta_max_abs": 0.24848613142967224,
  "dct_spatial_delta_mse": 0.0002666169893927872,
  "delaunay_enabled": 1,
  "delaunay_grad_norm": 0.00331617658957839,
  "delaunay_max_disp": 5.398292541503906,
  "delaunay_mean_disp": 1.020676851272583,
  "delaunay_num_at_max": 0,
  "delaunay_num_at_min": 0,
  "delaunay_p95_disp": 3.1097962856292725,
  "delaunay_param_max": 4.300576686859131,
  "delaunay_param_mean_abs": 0.906298816204071,
  "delaunay_param_min": -4.3942341804504395,
  "edit_identity_angle_degrees": 27.223722457885742,
  "edit_identity_angle_radians": 0.47514358162879944,
  "edit_identity_cosine_distance": 0.11077296733856201,
  "edit_identity_cosine_similarity_raw": 0.889227032661438,
  "edit_identity_l2_embedding_distance": 0.47068676352500916,
  "edit_identity_similarity_score_pct": 88.9227066040039,
  "editor_num_inference_steps": 20,
  "face_id": "face_002",
  "fft_phase_enabled": 0,
  "fft_phase_grad_norm": 0.0,
  "fft_phase_max_abs": 0.0,
  "fft_phase_mean_abs": 0.0,
  "fft_phase_norm": 0.0,
  "fft_phase_num_at_max": 0,
  "fft_phase_num_at_min": 0,
  "fft_phase_num_clamped": 0,
  "fft_spatial_delta_mse": 0.0,
  "foldover_fraction": 0.0,
  "fraction_clamped_total": 0.36769759450171824,
  "identity_angle_degrees": 27.223722457885742,
  "identity_angle_radians": 0.47514358162879944,
  "identity_cosine_distance": 0.11077296733856201,
  "identity_cosine_similarity_raw": 0.889227032661438,
  "identity_l2_embedding_distance": 0.47068676352500916,
  "identity_similarity_score_pct": 88.9227066040039,
  "iter": 1550,
  "jacobian_det_min": 0.8438933491706848,
  "l2_to_original": 0.04182632267475128,
  "learning_rate": 0.05,
  "legacy_fft_strength_equivalent": 0.0,
  "loss": 0.889227032661438,
  "mse_to_original": 0.0017494413768872619,
  "num_at_max_total": 74,
  "num_at_min_total": 33,
  "num_clamped_total": 107,
  "num_total_params": 291,
  "original_embedding_norm": 1.0,
  "peak_vram_gb": 5.323420524597168,
  "perturbed_edit_embedding_norm": 0.9999999403953552,
  "perturbed_embedding_norm": 0.9999999403953552,
  "prompt": "add black sunglasses",
  "psnr_to_original": 27.571006059795554,
  "rolling_enabled": 1,
  "rolling_grad_norm": 0.006955496035516262,
  "rolling_max_disp": 0.8865712285041809,
  "rolling_mean_disp": 0.5038866996765137,
  "rolling_num_at_max": 0,
  "rolling_num_at_min": 0,
  "rolling_p95_disp": 0.8818721175193787,
  "rolling_param_max": 1.304896354675293,
  "rolling_param_mean_abs": 1.1078835725784302,
  "rolling_param_min": -0.9108707308769226,
  "seconds_elapsed": 11061.896706311032,
  "seconds_iter": 7.207005491480231,
  "seed": 250852,
  "smoothness_tv": 0.03506437689065933,
  "ssim_to_original": 0.986680269241333,
  "total_geometry_grad_norm": 0.020496277138590813,
  "total_grad_norm": 0.020496277138590813,
  "tps_enabled": 1,
  "tps_grad_norm": 0.004151864442974329,
  "tps_max_disp": 3.1949985027313232,
  "tps_mean_disp": 0.7756548523902893,
  "tps_num_at_max": 0,
  "tps_num_at_min": 0,
  "tps_p95_disp": 2.170624256134033,
  "tps_param_max": 1.9313372373580933,
  "tps_param_mean_abs": 0.42305755615234375,
  "tps_param_min": -2.834292411804199
}
