{
  "Z": 0.8841928243637085,
  "best_Z_so_far": 0.8822601437568665,
  "best_iter_so_far": 309,
  "case_id": "face_002__add_headphones",
  "clean_edit_embedding_norm": 1.0,
  "combined_max_disp_px": 2.984975814819336,
  "combined_mean_disp_px": 0.6787492036819458,
  "combined_p95_disp_px": 1.5715277194976807,
  "components_at_boundary": "dct",
  "dct_clipped_high_fraction": 2.4159749955288135e-05,
  "dct_clipped_low_fraction": 0.002010345458984375,
  "dct_coefficient_delta_l1": 0.005534626543521881,
  "dct_coefficient_delta_l2": 0.019303228706121445,
  "dct_dc_energy": 21.740575790405273,
  "dct_enabled": 1,
  "dct_frequency_mask_mode": "all_ac",
  "dct_gain_grad_norm": 0.009845660999417305,
  "dct_gain_l2": 6.2282867431640625,
  "dct_gain_max": 0.5,
  "dct_gain_mean": -0.03067607805132866,
  "dct_gain_mean_abs": 0.43050411343574524,
  "dct_gain_min": -0.5,
  "dct_high_frequency_energy_after": 5.451107426779345e-05,
  "dct_high_frequency_energy_before": 5.373962994781323e-05,
  "dct_input_coefficient_energy": 0.3420788645744324,
  "dct_low_frequency_energy_after": 0.01443795021623373,
  "dct_low_frequency_energy_before": 0.015363018028438091,
  "dct_mid_frequency_energy_after": 0.0006083690677769482,
  "dct_mid_frequency_energy_before": 0.0004884779918938875,
  "dct_num_at_max": 65,
  "dct_num_at_min": 71,
  "dct_num_clamped": 136,
  "dct_output_coefficient_energy": 0.34199783205986023,
  "dct_relative_energy_change": -0.00023688255168963224,
  "dct_selected_frequency_count": 189,
  "dct_spatial_delta_l1": 0.011157196015119553,
  "dct_spatial_delta_l2": 0.019206136465072632,
  "dct_spatial_delta_max_abs": 0.3833088278770447,
  "dct_spatial_delta_mse": 0.00036887568421661854,
  "delaunay_enabled": 1,
  "delaunay_grad_norm": 0.007285651750862598,
  "delaunay_max_disp": 2.004206418991089,
  "delaunay_mean_disp": 0.4335116147994995,
  "delaunay_num_at_max": 0,
  "delaunay_num_at_min": 0,
  "delaunay_p95_disp": 1.2052695751190186,
  "delaunay_param_max": 1.7873982191085815,
  "delaunay_param_mean_abs": 0.4847759008407593,
  "delaunay_param_min": -1.6399224996566772,
  "edit_identity_angle_degrees": 27.847646713256836,
  "edit_identity_angle_radians": 0.4860331118106842,
  "edit_identity_cosine_distance": 0.1158071756362915,
  "edit_identity_cosine_similarity_raw": 0.8841928243637085,
  "edit_identity_l2_embedding_distance": 0.48126333951950073,
  "edit_identity_similarity_score_pct": 88.41928100585938,
  "editor_num_inference_steps": 20,
  "face_id": "face_002",
  "fft_phase_enabled": 0,
  "fft_phase_grad_norm": 0.0,
  "fft_phase_max_abs": 0.0,
  "fft_phase_mean_abs": 0.0,
  "fft_phase_norm": 0.0,
  "fft_phase_num_at_max": 0,
  "fft_phase_num_at_min": 0,
  "fft_phase_num_clamped": 0,
  "fft_spatial_delta_mse": 0.0,
  "foldover_fraction": 0.0,
  "fraction_clamped_total": 0.46735395189003437,
  "identity_angle_degrees": 27.847646713256836,
  "identity_angle_radians": 0.4860331118106842,
  "identity_cosine_distance": 0.1158071756362915,
  "identity_cosine_similarity_raw": 0.8841928243637085,
  "identity_l2_embedding_distance": 0.48126333951950073,
  "identity_similarity_score_pct": 88.41928100585938,
  "iter": 1175,
  "jacobian_det_min": 0.9667021632194519,
  "l2_to_original": 0.031090321019291878,
  "learning_rate": 0.05,
  "legacy_fft_strength_equivalent": 0.0,
  "loss": 0.8841928243637085,
  "mse_to_original": 0.0009666080586612225,
  "num_at_max_total": 65,
  "num_at_min_total": 71,
  "num_clamped_total": 136,
  "num_total_params": 291,
  "original_embedding_norm": 1.0,
  "peak_vram_gb": 5.326680660247803,
  "perturbed_edit_embedding_norm": 1.0,
  "perturbed_embedding_norm": 1.0,
  "prompt": "add headphones",
  "psnr_to_original": 30.147495884465577,
  "rolling_enabled": 1,
  "rolling_grad_norm": 0.002036474645137787,
  "rolling_max_disp": 0.18247945606708527,
  "rolling_mean_disp": 0.12279735505580902,
  "rolling_num_at_max": 0,
  "rolling_num_at_min": 0,
  "rolling_p95_disp": 0.18199984729290009,
  "rolling_param_max": 0.14201399683952332,
  "rolling_param_mean_abs": 0.11819350719451904,
  "rolling_param_min": 0.09437301009893417,
  "seconds_elapsed": 8523.212796784937,
  "seconds_iter": 7.397528657689691,
  "seed": 438717,
  "smoothness_tv": 0.013852017000317574,
  "ssim_to_original": 0.992621123790741,
  "total_geometry_grad_norm": 0.014984797686338425,
  "total_grad_norm": 0.014984797686338425,
  "tps_enabled": 1,
  "tps_grad_norm": 0.008389230817556381,
  "tps_max_disp": 2.117068290710449,
  "tps_mean_disp": 0.6897118091583252,
  "tps_num_at_max": 0,
  "tps_num_at_min": 0,
  "tps_p95_disp": 1.7451549768447876,
  "tps_param_max": 1.901447057723999,
  "tps_param_mean_abs": 0.39999818801879883,
  "tps_param_min": -2.033906936645508
}
