{
  "Z": 0.8875325918197632,
  "best_Z_so_far": 0.8836501240730286,
  "best_iter_so_far": 81,
  "case_id": "face_002__add_black_sunglasses",
  "clean_edit_embedding_norm": 1.0,
  "combined_max_disp_px": 2.877779483795166,
  "combined_mean_disp_px": 0.6434581875801086,
  "combined_p95_disp_px": 1.4509928226470947,
  "components_at_boundary": "dct",
  "dct_clipped_high_fraction": 1.1444091796875e-05,
  "dct_clipped_low_fraction": 0.0025507609825581312,
  "dct_coefficient_delta_l1": 0.004673110321164131,
  "dct_coefficient_delta_l2": 0.014815527014434338,
  "dct_dc_energy": 21.749425888061523,
  "dct_enabled": 1,
  "dct_frequency_mask_mode": "all_ac",
  "dct_gain_grad_norm": 0.006106301676481962,
  "dct_gain_l2": 5.844597339630127,
  "dct_gain_max": 0.5,
  "dct_gain_mean": -0.014681394211947918,
  "dct_gain_mean_abs": 0.40013015270233154,
  "dct_gain_min": -0.5,
  "dct_high_frequency_energy_after": 4.990566958440468e-05,
  "dct_high_frequency_energy_before": 4.504905882640742e-05,
  "dct_input_coefficient_energy": 0.342207133769989,
  "dct_low_frequency_energy_after": 0.015559048391878605,
  "dct_low_frequency_energy_before": 0.01538847666233778,
  "dct_mid_frequency_energy_after": 0.00047839261242188513,
  "dct_mid_frequency_energy_before": 0.00046439794823527336,
  "dct_num_at_max": 48,
  "dct_num_at_min": 47,
  "dct_num_clamped": 95,
  "dct_output_coefficient_energy": 0.3422389030456543,
  "dct_relative_energy_change": 9.283639519708231e-05,
  "dct_selected_frequency_count": 189,
  "dct_spatial_delta_l1": 0.008700389415025711,
  "dct_spatial_delta_l2": 0.014755723997950554,
  "dct_spatial_delta_max_abs": 0.21135972440242767,
  "dct_spatial_delta_mse": 0.00021773138723801821,
  "delaunay_enabled": 1,
  "delaunay_grad_norm": 0.003006179817020893,
  "delaunay_max_disp": 3.76786732673645,
  "delaunay_mean_disp": 0.5684019923210144,
  "delaunay_num_at_max": 0,
  "delaunay_num_at_min": 0,
  "delaunay_p95_disp": 1.6678824424743652,
  "delaunay_param_max": 3.70088267326355,
  "delaunay_param_mean_abs": 0.5386044383049011,
  "delaunay_param_min": -2.595028877258301,
  "edit_identity_angle_degrees": 27.43518829345703,
  "edit_identity_angle_radians": 0.4788343608379364,
  "edit_identity_cosine_distance": 0.11246740818023682,
  "edit_identity_cosine_similarity_raw": 0.8875325918197632,
  "edit_identity_l2_embedding_distance": 0.47427287697792053,
  "edit_identity_similarity_score_pct": 88.75325775146484,
  "editor_num_inference_steps": 20,
  "face_id": "face_002",
  "fft_phase_enabled": 0,
  "fft_phase_grad_norm": 0.0,
  "fft_phase_max_abs": 0.0,
  "fft_phase_mean_abs": 0.0,
  "fft_phase_norm": 0.0,
  "fft_phase_num_at_max": 0,
  "fft_phase_num_at_min": 0,
  "fft_phase_num_clamped": 0,
  "fft_spatial_delta_mse": 0.0,
  "foldover_fraction": 0.0,
  "fraction_clamped_total": 0.32646048109965636,
  "identity_angle_degrees": 27.43518829345703,
  "identity_angle_radians": 0.4788343608379364,
  "identity_cosine_distance": 0.11246740818023682,
  "identity_cosine_similarity_raw": 0.8875325918197632,
  "identity_l2_embedding_distance": 0.47427287697792053,
  "identity_similarity_score_pct": 88.75325775146484,
  "iter": 525,
  "jacobian_det_min": 0.9462993741035461,
  "l2_to_original": 0.028526632115244865,
  "learning_rate": 0.05,
  "legacy_fft_strength_equivalent": 0.0,
  "loss": 0.8875325918197632,
  "mse_to_original": 0.0008137687109410763,
  "num_at_max_total": 48,
  "num_at_min_total": 47,
  "num_clamped_total": 95,
  "num_total_params": 291,
  "original_embedding_norm": 1.0,
  "peak_vram_gb": 5.321223258972168,
  "perturbed_edit_embedding_norm": 1.0,
  "perturbed_embedding_norm": 1.0,
  "prompt": "add black sunglasses",
  "psnr_to_original": 30.894990125988187,
  "rolling_enabled": 1,
  "rolling_grad_norm": 0.0012694201432168484,
  "rolling_max_disp": 0.4228792190551758,
  "rolling_mean_disp": 0.18907281756401062,
  "rolling_num_at_max": 0,
  "rolling_num_at_min": 0,
  "rolling_p95_disp": 0.34908658266067505,
  "rolling_param_max": 0.5441412925720215,
  "rolling_param_mean_abs": 0.5536013841629028,
  "rolling_param_min": -0.5630614161491394,
  "seconds_elapsed": 3837.538910770789,
  "seconds_iter": 10.143150847405195,
  "seed": 250852,
  "smoothness_tv": 0.017642568796873093,
  "ssim_to_original": 0.9937955141067505,
  "total_geometry_grad_norm": 0.007790672592818737,
  "total_grad_norm": 0.007790672592818737,
  "tps_enabled": 1,
  "tps_grad_norm": 0.003571990178897977,
  "tps_max_disp": 1.7440513372421265,
  "tps_mean_disp": 0.3882676959037781,
  "tps_num_at_max": 0,
  "tps_num_at_min": 0,
  "tps_p95_disp": 1.0466777086257935,
  "tps_param_max": 1.4649044275283813,
  "tps_param_mean_abs": 0.2622261345386505,
  "tps_param_min": -1.2000728845596313
}
