{
  "Z": 0.8852355480194092,
  "best_Z_so_far": 0.8836501240730286,
  "best_iter_so_far": 81,
  "case_id": "face_002__add_black_sunglasses",
  "clean_edit_embedding_norm": 1.0,
  "combined_max_disp_px": 1.9797801971435547,
  "combined_mean_disp_px": 0.49556758999824524,
  "combined_p95_disp_px": 1.1890687942504883,
  "components_at_boundary": "dct",
  "dct_clipped_high_fraction": 1.1444091796875e-05,
  "dct_clipped_low_fraction": 0.0027008056640625,
  "dct_coefficient_delta_l1": 0.004722197540104389,
  "dct_coefficient_delta_l2": 0.015434309840202332,
  "dct_dc_energy": 21.754533767700195,
  "dct_enabled": 1,
  "dct_frequency_mask_mode": "all_ac",
  "dct_gain_grad_norm": 0.0040699271485209465,
  "dct_gain_l2": 5.828032970428467,
  "dct_gain_max": 0.5,
  "dct_gain_mean": -0.014549711719155312,
  "dct_gain_mean_abs": 0.3989066481590271,
  "dct_gain_min": -0.5,
  "dct_high_frequency_energy_after": 5.191563468542881e-05,
  "dct_high_frequency_energy_before": 4.505875403992832e-05,
  "dct_input_coefficient_energy": 0.34228944778442383,
  "dct_low_frequency_energy_after": 0.015624137595295906,
  "dct_low_frequency_energy_before": 0.015399723313748837,
  "dct_mid_frequency_energy_after": 0.00044322400935925543,
  "dct_mid_frequency_energy_before": 0.00046658748760819435,
  "dct_num_at_max": 44,
  "dct_num_at_min": 50,
  "dct_num_clamped": 94,
  "dct_output_coefficient_energy": 0.34231454133987427,
  "dct_relative_energy_change": 7.331092638196424e-05,
  "dct_selected_frequency_count": 189,
  "dct_spatial_delta_l1": 0.008842854760587215,
  "dct_spatial_delta_l2": 0.015319247730076313,
  "dct_spatial_delta_max_abs": 0.1994992345571518,
  "dct_spatial_delta_mse": 0.00023467936262022704,
  "delaunay_enabled": 1,
  "delaunay_grad_norm": 0.00251350668258965,
  "delaunay_max_disp": 2.1973373889923096,
  "delaunay_mean_disp": 0.3082811236381531,
  "delaunay_num_at_max": 0,
  "delaunay_num_at_min": 0,
  "delaunay_p95_disp": 0.9595840573310852,
  "delaunay_param_max": 1.944684624671936,
  "delaunay_param_mean_abs": 0.377509742975235,
  "delaunay_param_min": -1.4757827520370483,
  "edit_identity_angle_degrees": 27.719478607177734,
  "edit_identity_angle_radians": 0.4837961792945862,
  "edit_identity_cosine_distance": 0.11476445198059082,
  "edit_identity_cosine_similarity_raw": 0.8852355480194092,
  "edit_identity_l2_embedding_distance": 0.4790917932987213,
  "edit_identity_similarity_score_pct": 88.52355194091797,
  "editor_num_inference_steps": 20,
  "face_id": "face_002",
  "fft_phase_enabled": 0,
  "fft_phase_grad_norm": 0.0,
  "fft_phase_max_abs": 0.0,
  "fft_phase_mean_abs": 0.0,
  "fft_phase_norm": 0.0,
  "fft_phase_num_at_max": 0,
  "fft_phase_num_at_min": 0,
  "fft_phase_num_clamped": 0,
  "fft_spatial_delta_mse": 0.0,
  "foldover_fraction": 0.0,
  "fraction_clamped_total": 0.3230240549828179,
  "identity_angle_degrees": 27.719478607177734,
  "identity_angle_radians": 0.4837961792945862,
  "identity_cosine_distance": 0.11476445198059082,
  "identity_cosine_similarity_raw": 0.8852355480194092,
  "identity_l2_embedding_distance": 0.4790917932987213,
  "identity_similarity_score_pct": 88.52355194091797,
  "iter": 200,
  "jacobian_det_min": 0.9645511507987976,
  "l2_to_original": 0.024731511250138283,
  "learning_rate": 0.05,
  "legacy_fft_strength_equivalent": 0.0,
  "loss": 0.8852355480194092,
  "mse_to_original": 0.0006116476142778993,
  "num_at_max_total": 44,
  "num_at_min_total": 50,
  "num_clamped_total": 94,
  "num_total_params": 291,
  "original_embedding_norm": 1.0,
  "peak_vram_gb": 5.321223258972168,
  "perturbed_edit_embedding_norm": 1.0,
  "perturbed_embedding_norm": 1.0,
  "prompt": "add black sunglasses",
  "psnr_to_original": 32.13498713885522,
  "rolling_enabled": 1,
  "rolling_grad_norm": 0.0016425956273451447,
  "rolling_max_disp": 0.327401340007782,
  "rolling_mean_disp": 0.11348472535610199,
  "rolling_num_at_max": 0,
  "rolling_num_at_min": 0,
  "rolling_p95_disp": 0.27495360374450684,
  "rolling_param_max": 0.3359013795852661,
  "rolling_param_mean_abs": 0.3765811324119568,
  "rolling_param_min": -0.41726088523864746,
  "seconds_elapsed": 1288.9664272908121,
  "seconds_iter": 8.05263727530837,
  "seed": 250852,
  "smoothness_tv": 0.012005072087049484,
  "ssim_to_original": 0.9953364133834839,
  "total_geometry_grad_norm": 0.005911300424486399,
  "total_grad_norm": 0.005911300424486399,
  "tps_enabled": 1,
  "tps_grad_norm": 0.00305995624512434,
  "tps_max_disp": 1.0937891006469727,
  "tps_mean_disp": 0.30647772550582886,
  "tps_num_at_max": 0,
  "tps_num_at_min": 0,
  "tps_p95_disp": 0.8375617861747742,
  "tps_param_max": 1.0052350759506226,
  "tps_param_mean_abs": 0.2164973020553589,
  "tps_param_min": -0.8797104358673096
}
