{
  "elapsed_seconds": 12133.251024957746,
  "final_Z": 0.9885209798812866,
  "status": "done"
}
