{
  "Z": 0.8913599252700806,
  "best_Z_so_far": 0.8900959491729736,
  "best_iter_so_far": 342,
  "case_id": "face_005__add_black_sunglasses",
  "clean_edit_embedding_norm": 0.9999999403953552,
  "combined_max_disp_px": 3.0895769596099854,
  "combined_mean_disp_px": 0.9743303060531616,
  "combined_p95_disp_px": 2.2858245372772217,
  "components_at_boundary": "dct",
  "dct_clipped_high_fraction": 0.0081240339204669,
  "dct_clipped_low_fraction": 0.0008252462139353156,
  "dct_coefficient_delta_l1": 0.0046086921356618404,
  "dct_coefficient_delta_l2": 0.017408929765224457,
  "dct_dc_energy": 24.634963989257812,
  "dct_enabled": 1,
  "dct_frequency_mask_mode": "all_ac",
  "dct_gain_grad_norm": 0.008222158066928387,
  "dct_gain_l2": 6.360637664794922,
  "dct_gain_max": 0.5,
  "dct_gain_mean": 0.10811025649309158,
  "dct_gain_mean_abs": 0.4493480622768402,
  "dct_gain_min": -0.5,
  "dct_high_frequency_energy_after": 3.991569246863946e-05,
  "dct_high_frequency_energy_before": 2.9938357329228893e-05,
  "dct_input_coefficient_energy": 0.3869859576225281,
  "dct_low_frequency_energy_after": 0.01364664826542139,
  "dct_low_frequency_energy_before": 0.0138172572478652,
  "dct_mid_frequency_energy_after": 0.0003442753222770989,
  "dct_mid_frequency_energy_before": 0.0002669698151294142,
  "dct_num_at_max": 83,
  "dct_num_at_min": 51,
  "dct_num_clamped": 134,
  "dct_output_coefficient_energy": 0.38699769973754883,
  "dct_relative_energy_change": 3.034248402400408e-05,
  "dct_selected_frequency_count": 189,
  "dct_spatial_delta_l1": 0.00986933708190918,
  "dct_spatial_delta_l2": 0.017300741747021675,
  "dct_spatial_delta_max_abs": 0.30362173914909363,
  "dct_spatial_delta_mse": 0.00029931566677987576,
  "delaunay_enabled": 1,
  "delaunay_grad_norm": 0.003542795777320862,
  "delaunay_max_disp": 3.1656641960144043,
  "delaunay_mean_disp": 0.5773369073867798,
  "delaunay_num_at_max": 0,
  "delaunay_num_at_min": 0,
  "delaunay_p95_disp": 1.7787760496139526,
  "delaunay_param_max": 3.116973400115967,
  "delaunay_param_mean_abs": 0.5705691576004028,
  "delaunay_param_min": -1.339660882949829,
  "edit_identity_angle_degrees": 26.955364227294922,
  "edit_identity_angle_radians": 0.47045984864234924,
  "edit_identity_cosine_distance": 0.10864007472991943,
  "edit_identity_cosine_similarity_raw": 0.8913599252700806,
  "edit_identity_l2_embedding_distance": 0.4661332666873932,
  "edit_identity_similarity_score_pct": 89.13599395751953,
  "editor_num_inference_steps": 20,
  "face_id": "face_005",
  "fft_phase_enabled": 0,
  "fft_phase_grad_norm": 0.0,
  "fft_phase_max_abs": 0.0,
  "fft_phase_mean_abs": 0.0,
  "fft_phase_norm": 0.0,
  "fft_phase_num_at_max": 0,
  "fft_phase_num_at_min": 0,
  "fft_phase_num_clamped": 0,
  "fft_spatial_delta_mse": 0.0,
  "foldover_fraction": 0.0,
  "fraction_clamped_total": 0.46048109965635736,
  "identity_angle_degrees": 26.955364227294922,
  "identity_angle_radians": 0.47045984864234924,
  "identity_cosine_distance": 0.10864007472991943,
  "identity_cosine_similarity_raw": 0.8913599252700806,
  "identity_l2_embedding_distance": 0.4661332666873932,
  "identity_similarity_score_pct": 89.13599395751953,
  "iter": 825,
  "jacobian_det_min": 0.9415559768676758,
  "l2_to_original": 0.029248487204313278,
  "learning_rate": 0.05,
  "legacy_fft_strength_equivalent": 0.0,
  "loss": 0.8913599252700806,
  "mse_to_original": 0.0008554740343242884,
  "num_at_max_total": 83,
  "num_at_min_total": 51,
  "num_clamped_total": 134,
  "num_total_params": 291,
  "original_embedding_norm": 0.9999999403953552,
  "peak_vram_gb": 5.326680660247803,
  "perturbed_edit_embedding_norm": 1.0,
  "perturbed_embedding_norm": 1.0,
  "prompt": "add black sunglasses",
  "psnr_to_original": 30.677931677953726,
  "rolling_enabled": 1,
  "rolling_grad_norm": 0.002618281403556466,
  "rolling_max_disp": 0.21527521312236786,
  "rolling_mean_disp": 0.1279260814189911,
  "rolling_num_at_max": 0,
  "rolling_num_at_min": 0,
  "rolling_p95_disp": 0.2144753634929657,
  "rolling_param_max": 0.2278459668159485,
  "rolling_param_mean_abs": 0.12834155559539795,
  "rolling_param_min": -0.028837155550718307,
  "seconds_elapsed": 5601.315212558955,
  "seconds_iter": 5.8476358484476805,
  "seed": 67119,
  "smoothness_tv": 0.02088325098156929,
  "ssim_to_original": 0.9935387372970581,
  "total_geometry_grad_norm": 0.01039179228246212,
  "total_grad_norm": 0.01039179228246212,
  "tps_enabled": 1,
  "tps_grad_norm": 0.004580246284604073,
  "tps_max_disp": 2.8264591693878174,
  "tps_mean_disp": 0.6793713569641113,
  "tps_num_at_max": 0,
  "tps_num_at_min": 0,
  "tps_p95_disp": 1.9658466577529907,
  "tps_param_max": 1.735351800918579,
  "tps_param_mean_abs": 0.3624180555343628,
  "tps_param_min": -2.547780990600586
}
