{
  "Z": 0.8842232823371887,
  "best_Z_so_far": 0.8827989101409912,
  "best_iter_so_far": 137,
  "case_id": "face_002__add_headphones",
  "clean_edit_embedding_norm": 1.0,
  "combined_max_disp_px": 2.9615180492401123,
  "combined_mean_disp_px": 0.6438751220703125,
  "combined_p95_disp_px": 1.509460687637329,
  "components_at_boundary": "dct",
  "dct_clipped_high_fraction": 2.4159749955288135e-05,
  "dct_clipped_low_fraction": 0.0018552144756540656,
  "dct_coefficient_delta_l1": 0.005584032274782658,
  "dct_coefficient_delta_l2": 0.01914726383984089,
  "dct_dc_energy": 21.73887062072754,
  "dct_enabled": 1,
  "dct_frequency_mask_mode": "all_ac",
  "dct_gain_grad_norm": 0.00970759429037571,
  "dct_gain_l2": 6.257582187652588,
  "dct_gain_max": 0.5,
  "dct_gain_mean": -0.03662044182419777,
  "dct_gain_mean_abs": 0.4347858726978302,
  "dct_gain_min": -0.5,
  "dct_high_frequency_energy_after": 5.744038935517892e-05,
  "dct_high_frequency_energy_before": 5.517584941117093e-05,
  "dct_input_coefficient_energy": 0.3420547842979431,
  "dct_low_frequency_energy_after": 0.014186459593474865,
  "dct_low_frequency_energy_before": 0.015366383828222752,
  "dct_mid_frequency_energy_after": 0.0006338665261864662,
  "dct_mid_frequency_energy_before": 0.0004919167258776724,
  "dct_num_at_max": 61,
  "dct_num_at_min": 70,
  "dct_num_clamped": 131,
  "dct_output_coefficient_energy": 0.3419475257396698,
  "dct_relative_energy_change": -0.0003135712759103626,
  "dct_selected_frequency_count": 189,
  "dct_spatial_delta_l1": 0.01106519065797329,
  "dct_spatial_delta_l2": 0.019053727388381958,
  "dct_spatial_delta_max_abs": 0.38457679748535156,
  "dct_spatial_delta_mse": 0.00036304452805779874,
  "delaunay_enabled": 1,
  "delaunay_grad_norm": 0.002956249751150608,
  "delaunay_max_disp": 2.031796455383301,
  "delaunay_mean_disp": 0.41567814350128174,
  "delaunay_num_at_max": 0,
  "delaunay_num_at_min": 0,
  "delaunay_p95_disp": 1.1487358808517456,
  "delaunay_param_max": 2.0196657180786133,
  "delaunay_param_mean_abs": 0.4842440187931061,
  "delaunay_param_min": -1.3974446058273315,
  "edit_identity_angle_degrees": 27.843910217285156,
  "edit_identity_angle_radians": 0.4859679043292999,
  "edit_identity_cosine_distance": 0.11577671766281128,
  "edit_identity_cosine_similarity_raw": 0.8842232823371887,
  "edit_identity_l2_embedding_distance": 0.48120009899139404,
  "edit_identity_similarity_score_pct": 88.42232513427734,
  "editor_num_inference_steps": 20,
  "face_id": "face_002",
  "fft_phase_enabled": 0,
  "fft_phase_grad_norm": 0.0,
  "fft_phase_max_abs": 0.0,
  "fft_phase_mean_abs": 0.0,
  "fft_phase_norm": 0.0,
  "fft_phase_num_at_max": 0,
  "fft_phase_num_at_min": 0,
  "fft_phase_num_clamped": 0,
  "fft_spatial_delta_mse": 0.0,
  "foldover_fraction": 0.0,
  "fraction_clamped_total": 0.45017182130584193,
  "identity_angle_degrees": 27.843910217285156,
  "identity_angle_radians": 0.4859679043292999,
  "identity_cosine_distance": 0.11577671766281128,
  "identity_cosine_similarity_raw": 0.8842232823371887,
  "identity_l2_embedding_distance": 0.48120009899139404,
  "identity_similarity_score_pct": 88.42232513427734,
  "iter": 250,
  "jacobian_det_min": 0.9685793519020081,
  "l2_to_original": 0.031005682423710823,
  "learning_rate": 0.05,
  "legacy_fft_strength_equivalent": 0.0,
  "loss": 0.8842232823371887,
  "mse_to_original": 0.0009613523725420237,
  "num_at_max_total": 61,
  "num_at_min_total": 70,
  "num_clamped_total": 131,
  "num_total_params": 291,
  "original_embedding_norm": 1.0,
  "peak_vram_gb": 5.326680660247803,
  "perturbed_edit_embedding_norm": 1.0,
  "perturbed_embedding_norm": 1.0,
  "prompt": "add headphones",
  "psnr_to_original": 30.17117397554315,
  "rolling_enabled": 1,
  "rolling_grad_norm": 0.0027034319937229156,
  "rolling_max_disp": 0.17567910254001617,
  "rolling_mean_disp": 0.05142153799533844,
  "rolling_num_at_max": 0,
  "rolling_num_at_min": 0,
  "rolling_p95_disp": 0.16013726592063904,
  "rolling_param_max": 0.1977478265762329,
  "rolling_param_mean_abs": 0.1334829181432724,
  "rolling_param_min": -0.06921801716089249,
  "seconds_elapsed": 1853.5567895639688,
  "seconds_iter": 7.033801695331931,
  "seed": 438717,
  "smoothness_tv": 0.013452056795358658,
  "ssim_to_original": 0.9926600456237793,
  "total_geometry_grad_norm": 0.01095997542142868,
  "total_grad_norm": 0.01095997542142868,
  "tps_enabled": 1,
  "tps_grad_norm": 0.003136193612590432,
  "tps_max_disp": 1.8130367994308472,
  "tps_mean_disp": 0.5075765252113342,
  "tps_num_at_max": 0,
  "tps_num_at_min": 0,
  "tps_p95_disp": 1.2708303928375244,
  "tps_param_max": 1.2779486179351807,
  "tps_param_mean_abs": 0.32348570227622986,
  "tps_param_min": -1.7804834842681885
}
