{
  "elapsed_seconds": 7.689965084195137,
  "final_Z": 0.9996539950370789,
  "status": "done"
}
