{
  "Z": 0.8841572999954224,
  "best_Z_so_far": 0.8822601437568665,
  "best_iter_so_far": 309,
  "case_id": "face_002__add_headphones",
  "clean_edit_embedding_norm": 1.0,
  "combined_max_disp_px": 2.909449815750122,
  "combined_mean_disp_px": 0.6395782232284546,
  "combined_p95_disp_px": 1.4789732694625854,
  "components_at_boundary": "dct",
  "dct_clipped_high_fraction": 2.543131631682627e-05,
  "dct_clipped_low_fraction": 0.0019098918419331312,
  "dct_coefficient_delta_l1": 0.0055311983451247215,
  "dct_coefficient_delta_l2": 0.019070172682404518,
  "dct_dc_energy": 21.739404678344727,
  "dct_enabled": 1,
  "dct_frequency_mask_mode": "all_ac",
  "dct_gain_grad_norm": 0.008082637563347816,
  "dct_gain_l2": 6.246300220489502,
  "dct_gain_max": 0.5,
  "dct_gain_mean": -0.050533175468444824,
  "dct_gain_mean_abs": 0.43556445837020874,
  "dct_gain_min": -0.5,
  "dct_high_frequency_energy_after": 5.573501039179973e-05,
  "dct_high_frequency_energy_before": 5.530314956558868e-05,
  "dct_input_coefficient_energy": 0.3420613706111908,
  "dct_low_frequency_energy_after": 0.014256893657147884,
  "dct_low_frequency_energy_before": 0.015352386049926281,
  "dct_mid_frequency_energy_after": 0.0006290464079938829,
  "dct_mid_frequency_energy_before": 0.0004923926317133009,
  "dct_num_at_max": 57,
  "dct_num_at_min": 72,
  "dct_num_clamped": 129,
  "dct_output_coefficient_energy": 0.3419630229473114,
  "dct_relative_energy_change": -0.00028751467471010983,
  "dct_selected_frequency_count": 189,
  "dct_spatial_delta_l1": 0.010990558192133904,
  "dct_spatial_delta_l2": 0.01897759921848774,
  "dct_spatial_delta_max_abs": 0.39121782779693604,
  "dct_spatial_delta_mse": 0.0003601492790039629,
  "delaunay_enabled": 1,
  "delaunay_grad_norm": 0.007259889505803585,
  "delaunay_max_disp": 1.9689689874649048,
  "delaunay_mean_disp": 0.4133177697658539,
  "delaunay_num_at_max": 0,
  "delaunay_num_at_min": 0,
  "delaunay_p95_disp": 1.1580462455749512,
  "delaunay_param_max": 1.9583920240402222,
  "delaunay_param_mean_abs": 0.4737928807735443,
  "delaunay_param_min": -1.2553929090499878,
  "edit_identity_angle_degrees": 27.85200309753418,
  "edit_identity_angle_radians": 0.4861091673374176,
  "edit_identity_cosine_distance": 0.11584270000457764,
  "edit_identity_cosine_similarity_raw": 0.8841572999954224,
  "edit_identity_l2_embedding_distance": 0.48133713006973267,
  "edit_identity_similarity_score_pct": 88.41573333740234,
  "editor_num_inference_steps": 20,
  "face_id": "face_002",
  "fft_phase_enabled": 0,
  "fft_phase_grad_norm": 0.0,
  "fft_phase_max_abs": 0.0,
  "fft_phase_mean_abs": 0.0,
  "fft_phase_norm": 0.0,
  "fft_phase_num_at_max": 0,
  "fft_phase_num_at_min": 0,
  "fft_phase_num_clamped": 0,
  "fft_spatial_delta_mse": 0.0,
  "foldover_fraction": 0.0,
  "fraction_clamped_total": 0.44329896907216493,
  "identity_angle_degrees": 27.85200309753418,
  "identity_angle_radians": 0.4861091673374176,
  "identity_cosine_distance": 0.11584270000457764,
  "identity_cosine_similarity_raw": 0.8841572999954224,
  "identity_l2_embedding_distance": 0.48133713006973267,
  "identity_similarity_score_pct": 88.41573333740234,
  "iter": 375,
  "jacobian_det_min": 0.9673314690589905,
  "l2_to_original": 0.030691709369421005,
  "learning_rate": 0.05,
  "legacy_fft_strength_equivalent": 0.0,
  "loss": 0.8841572999954224,
  "mse_to_original": 0.0009419810376130044,
  "num_at_max_total": 57,
  "num_at_min_total": 72,
  "num_clamped_total": 129,
  "num_total_params": 291,
  "original_embedding_norm": 1.0,
  "peak_vram_gb": 5.326680660247803,
  "perturbed_edit_embedding_norm": 1.0,
  "perturbed_embedding_norm": 1.0,
  "prompt": "add headphones",
  "psnr_to_original": 30.25957839609378,
  "rolling_enabled": 1,
  "rolling_grad_norm": 0.005393430590629578,
  "rolling_max_disp": 0.1659320443868637,
  "rolling_mean_disp": 0.04598259925842285,
  "rolling_num_at_max": 0,
  "rolling_num_at_min": 0,
  "rolling_p95_disp": 0.1504840850830078,
  "rolling_param_max": 0.19657579064369202,
  "rolling_param_mean_abs": 0.12992045283317566,
  "rolling_param_min": -0.0632651075720787,
  "seconds_elapsed": 2763.1694837361574,
  "seconds_iter": 6.583261094987392,
  "seed": 438717,
  "smoothness_tv": 0.013150233775377274,
  "ssim_to_original": 0.9928083419799805,
  "total_geometry_grad_norm": 0.014312985353171825,
  "total_grad_norm": 0.014312985353171825,
  "tps_enabled": 1,
  "tps_grad_norm": 0.007598514202982187,
  "tps_max_disp": 1.9457602500915527,
  "tps_mean_disp": 0.5648192763328552,
  "tps_num_at_max": 0,
  "tps_num_at_min": 0,
  "tps_p95_disp": 1.3631749153137207,
  "tps_param_max": 1.3593124151229858,
  "tps_param_mean_abs": 0.3494333326816559,
  "tps_param_min": -1.9031203985214233
}
