{
  "Z": 0.8753907084465027,
  "best_Z_so_far": 0.8720897436141968,
  "best_iter_so_far": 93,
  "case_id": "face_005__add_headphones",
  "clean_edit_embedding_norm": 1.0,
  "combined_max_disp_px": 3.9997572898864746,
  "combined_mean_disp_px": 0.7323843240737915,
  "combined_p95_disp_px": 2.358196973800659,
  "components_at_boundary": "dct",
  "dct_clipped_high_fraction": 0.00897725485265255,
  "dct_clipped_low_fraction": 0.0010744731407612562,
  "dct_coefficient_delta_l1": 0.0040978919714689255,
  "dct_coefficient_delta_l2": 0.014864977449178696,
  "dct_dc_energy": 24.596160888671875,
  "dct_enabled": 1,
  "dct_frequency_mask_mode": "all_ac",
  "dct_gain_grad_norm": 0.0059333001263439655,
  "dct_gain_l2": 5.934417724609375,
  "dct_gain_max": 0.5,
  "dct_gain_mean": -0.005643871147185564,
  "dct_gain_mean_abs": 0.4056452810764313,
  "dct_gain_min": -0.5,
  "dct_high_frequency_energy_after": 4.460501077119261e-05,
  "dct_high_frequency_energy_before": 3.3905547752510756e-05,
  "dct_input_coefficient_energy": 0.38640913367271423,
  "dct_low_frequency_energy_after": 0.01754898577928543,
  "dct_low_frequency_energy_before": 0.013987552374601364,
  "dct_mid_frequency_energy_after": 0.00037204939872026443,
  "dct_mid_frequency_energy_before": 0.00027637509629130363,
  "dct_num_at_max": 49,
  "dct_num_at_min": 49,
  "dct_num_clamped": 98,
  "dct_output_coefficient_energy": 0.3869534730911255,
  "dct_relative_energy_change": 0.0014087125891819596,
  "dct_selected_frequency_count": 189,
  "dct_spatial_delta_l1": 0.00819261372089386,
  "dct_spatial_delta_l2": 0.014637290500104427,
  "dct_spatial_delta_max_abs": 0.3087429106235504,
  "dct_spatial_delta_mse": 0.0002142502780770883,
  "delaunay_enabled": 1,
  "delaunay_grad_norm": 0.002408040454611182,
  "delaunay_max_disp": 2.229388952255249,
  "delaunay_mean_disp": 0.42271187901496887,
  "delaunay_num_at_max": 0,
  "delaunay_num_at_min": 0,
  "delaunay_p95_disp": 1.244921088218689,
  "delaunay_param_max": 2.1825952529907227,
  "delaunay_param_mean_abs": 0.4328065514564514,
  "delaunay_param_min": -1.643760085105896,
  "edit_identity_angle_degrees": 28.90875244140625,
  "edit_identity_angle_radians": 0.5045529007911682,
  "edit_identity_cosine_distance": 0.12460929155349731,
  "edit_identity_cosine_similarity_raw": 0.8753907084465027,
  "edit_identity_l2_embedding_distance": 0.4992178976535797,
  "edit_identity_similarity_score_pct": 87.53907012939453,
  "editor_num_inference_steps": 20,
  "face_id": "face_005",
  "fft_phase_enabled": 0,
  "fft_phase_grad_norm": 0.0,
  "fft_phase_max_abs": 0.0,
  "fft_phase_mean_abs": 0.0,
  "fft_phase_norm": 0.0,
  "fft_phase_num_at_max": 0,
  "fft_phase_num_at_min": 0,
  "fft_phase_num_clamped": 0,
  "fft_spatial_delta_mse": 0.0,
  "foldover_fraction": 0.0,
  "fraction_clamped_total": 0.33676975945017185,
  "identity_angle_degrees": 28.90875244140625,
  "identity_angle_radians": 0.5045529007911682,
  "identity_cosine_distance": 0.12460929155349731,
  "identity_cosine_similarity_raw": 0.8753907084465027,
  "identity_l2_embedding_distance": 0.4992178976535797,
  "identity_similarity_score_pct": 87.53907012939453,
  "iter": 100,
  "jacobian_det_min": 0.9338207840919495,
  "l2_to_original": 0.02270393818616867,
  "learning_rate": 0.05,
  "legacy_fft_strength_equivalent": 0.0,
  "loss": 0.8753907084465027,
  "mse_to_original": 0.0005154687678441405,
  "num_at_max_total": 49,
  "num_at_min_total": 49,
  "num_clamped_total": 98,
  "num_total_params": 291,
  "original_embedding_norm": 1.0,
  "peak_vram_gb": 5.326680660247803,
  "perturbed_edit_embedding_norm": 1.0,
  "perturbed_embedding_norm": 1.0,
  "prompt": "add headphones",
  "psnr_to_original": 32.87797643404438,
  "rolling_enabled": 1,
  "rolling_grad_norm": 0.0011140459682792425,
  "rolling_max_disp": 0.24872750043869019,
  "rolling_mean_disp": 0.14370934665203094,
  "rolling_num_at_max": 0,
  "rolling_num_at_min": 0,
  "rolling_p95_disp": 0.24773024022579193,
  "rolling_param_max": 0.28441691398620605,
  "rolling_param_mean_abs": 0.17215976119041443,
  "rolling_param_min": -0.059902604669332504,
  "seconds_elapsed": 580.2077194880694,
  "seconds_iter": 5.582923196256161,
  "seed": 405993,
  "smoothness_tv": 0.014875120483338833,
  "ssim_to_original": 0.9961205124855042,
  "total_geometry_grad_norm": 0.007061269134283066,
  "total_grad_norm": 0.007061269134283066,
  "tps_enabled": 1,
  "tps_grad_norm": 0.0027600207831710577,
  "tps_max_disp": 1.830550193786621,
  "tps_mean_disp": 0.4428052306175232,
  "tps_num_at_max": 0,
  "tps_num_at_min": 0,
  "tps_p95_disp": 1.3869569301605225,
  "tps_param_max": 1.6489015817642212,
  "tps_param_mean_abs": 0.3240276277065277,
  "tps_param_min": -1.713281273841858
}
