{
  "Z": 0.8744667172431946,
  "best_Z_so_far": 0.8723031282424927,
  "best_iter_so_far": 45,
  "case_id": "face_005__add_headphones",
  "clean_edit_embedding_norm": 1.0,
  "combined_max_disp_px": 3.6806299686431885,
  "combined_mean_disp_px": 0.6158876419067383,
  "combined_p95_disp_px": 1.840083360671997,
  "components_at_boundary": "dct",
  "dct_clipped_high_fraction": 0.009356181137263775,
  "dct_clipped_low_fraction": 0.0009930928936228156,
  "dct_coefficient_delta_l1": 0.003654107451438904,
  "dct_coefficient_delta_l2": 0.014417437836527824,
  "dct_dc_energy": 24.603181838989258,
  "dct_enabled": 1,
  "dct_frequency_mask_mode": "all_ac",
  "dct_gain_grad_norm": 0.006484311539679766,
  "dct_gain_l2": 5.400537967681885,
  "dct_gain_max": 0.5,
  "dct_gain_mean": -0.01818983256816864,
  "dct_gain_mean_abs": 0.3534836769104004,
  "dct_gain_min": -0.5,
  "dct_high_frequency_energy_after": 3.913020191248506e-05,
  "dct_high_frequency_energy_before": 3.322759221191518e-05,
  "dct_input_coefficient_energy": 0.38651037216186523,
  "dct_low_frequency_energy_after": 0.017740540206432343,
  "dct_low_frequency_energy_before": 0.013934258371591568,
  "dct_mid_frequency_energy_after": 0.00035823663347400725,
  "dct_mid_frequency_energy_before": 0.0002746816026046872,
  "dct_num_at_max": 42,
  "dct_num_at_min": 39,
  "dct_num_clamped": 81,
  "dct_output_coefficient_energy": 0.38708215951919556,
  "dct_relative_energy_change": 0.0014793584123253822,
  "dct_selected_frequency_count": 189,
  "dct_spatial_delta_l1": 0.007941552437841892,
  "dct_spatial_delta_l2": 0.014204665087163448,
  "dct_spatial_delta_max_abs": 0.3057635724544525,
  "dct_spatial_delta_mse": 0.00020177252008579671,
  "delaunay_enabled": 1,
  "delaunay_grad_norm": 0.002143907593563199,
  "delaunay_max_disp": 2.240709066390991,
  "delaunay_mean_disp": 0.34198155999183655,
  "delaunay_num_at_max": 0,
  "delaunay_num_at_min": 0,
  "delaunay_p95_disp": 0.9700371026992798,
  "delaunay_param_max": 2.1985373497009277,
  "delaunay_param_mean_abs": 0.3937242329120636,
  "delaunay_param_min": -1.0646687746047974,
  "edit_identity_angle_degrees": 29.018075942993164,
  "edit_identity_angle_radians": 0.506460964679718,
  "edit_identity_cosine_distance": 0.12553328275680542,
  "edit_identity_cosine_similarity_raw": 0.8744667172431946,
  "edit_identity_l2_embedding_distance": 0.5010654926300049,
  "edit_identity_similarity_score_pct": 87.44667053222656,
  "editor_num_inference_steps": 20,
  "face_id": "face_005",
  "fft_phase_enabled": 0,
  "fft_phase_grad_norm": 0.0,
  "fft_phase_max_abs": 0.0,
  "fft_phase_mean_abs": 0.0,
  "fft_phase_norm": 0.0,
  "fft_phase_num_at_max": 0,
  "fft_phase_num_at_min": 0,
  "fft_phase_num_clamped": 0,
  "fft_spatial_delta_mse": 0.0,
  "foldover_fraction": 0.0,
  "fraction_clamped_total": 0.27835051546391754,
  "identity_angle_degrees": 29.018075942993164,
  "identity_angle_radians": 0.506460964679718,
  "identity_cosine_distance": 0.12553328275680542,
  "identity_cosine_similarity_raw": 0.8744667172431946,
  "identity_l2_embedding_distance": 0.5010654926300049,
  "identity_similarity_score_pct": 87.44667053222656,
  "iter": 50,
  "jacobian_det_min": 0.941484272480011,
  "l2_to_original": 0.02073509804904461,
  "learning_rate": 0.05,
  "legacy_fft_strength_equivalent": 0.0,
  "loss": 0.8744667172431946,
  "mse_to_original": 0.0004299443098716438,
  "num_at_max_total": 42,
  "num_at_min_total": 39,
  "num_clamped_total": 81,
  "num_total_params": 291,
  "original_embedding_norm": 1.0,
  "peak_vram_gb": 5.326680660247803,
  "perturbed_edit_embedding_norm": 1.0,
  "perturbed_embedding_norm": 1.0,
  "prompt": "add headphones",
  "psnr_to_original": 33.665877943779925,
  "rolling_enabled": 1,
  "rolling_grad_norm": 0.00028980622300878167,
  "rolling_max_disp": 0.1396399885416031,
  "rolling_mean_disp": 0.08452218770980835,
  "rolling_num_at_max": 0,
  "rolling_num_at_min": 0,
  "rolling_p95_disp": 0.13911232352256775,
  "rolling_param_max": 0.13908590376377106,
  "rolling_param_mean_abs": 0.07990041375160217,
  "rolling_param_min": -0.020714925602078438,
  "seconds_elapsed": 291.3313016910106,
  "seconds_iter": 5.653703708201647,
  "seed": 405993,
  "smoothness_tv": 0.012281829491257668,
  "ssim_to_original": 0.9967633485794067,
  "total_geometry_grad_norm": 0.007227788213640451,
  "total_grad_norm": 0.007227788213640451,
  "tps_enabled": 1,
  "tps_grad_norm": 0.0023482549004256725,
  "tps_max_disp": 1.4205234050750732,
  "tps_mean_disp": 0.36086246371269226,
  "tps_num_at_max": 0,
  "tps_num_at_min": 0,
  "tps_p95_disp": 1.098311424255371,
  "tps_param_max": 1.3938812017440796,
  "tps_param_mean_abs": 0.2896522283554077,
  "tps_param_min": -1.1429344415664673
}
