{
  "Z": 0.9972020983695984,
  "best_Z_so_far": 0.9972020983695984,
  "best_iter_so_far": 2,
  "case_id": "face_002__add_black_sunglasses",
  "clean_edit_embedding_norm": 0.9999999403953552,
  "combined_max_disp_px": 0.9488603472709656,
  "combined_mean_disp_px": 0.24717551469802856,
  "combined_p95_disp_px": 0.5392216444015503,
  "components_at_boundary": "",
  "dct_clipped_high_fraction": 1.0172526344831567e-05,
  "dct_clipped_low_fraction": 0.00067901611328125,
  "dct_coefficient_delta_l1": 0.0007499301573261619,
  "dct_coefficient_delta_l2": 0.002459269016981125,
  "dct_dc_energy": 21.741981506347656,
  "dct_enabled": 1,
  "dct_frequency_mask_mode": "all_ac",
  "dct_gain_grad_norm": 0.0026293015107512474,
  "dct_gain_l2": 1.0819995403289795,
  "dct_gain_max": 0.1000453382730484,
  "dct_gain_mean": -0.01210002414882183,
  "dct_gain_mean_abs": 0.0731276348233223,
  "dct_gain_min": -0.10002382844686508,
  "dct_high_frequency_energy_after": 6.35916949249804e-05,
  "dct_high_frequency_energy_before": 6.51222508167848e-05,
  "dct_input_coefficient_energy": 0.34213873744010925,
  "dct_low_frequency_energy_after": 0.01566772162914276,
  "dct_low_frequency_energy_before": 0.015473004430532455,
  "dct_mid_frequency_energy_after": 0.0005214443663135171,
  "dct_mid_frequency_energy_before": 0.0005313367000781,
  "dct_num_at_max": 0,
  "dct_num_at_min": 0,
  "dct_num_clamped": 0,
  "dct_output_coefficient_energy": 0.3421614170074463,
  "dct_relative_energy_change": 6.628763367189094e-05,
  "dct_selected_frequency_count": 189,
  "dct_spatial_delta_l1": 0.0014747336972504854,
  "dct_spatial_delta_l2": 0.002456340240314603,
  "dct_spatial_delta_max_abs": 0.05050230026245117,
  "dct_spatial_delta_mse": 6.033607405697694e-06,
  "delaunay_enabled": 1,
  "delaunay_grad_norm": 0.00036720657953992486,
  "delaunay_max_disp": 0.807643711566925,
  "delaunay_mean_disp": 0.20087122917175293,
  "delaunay_num_at_max": 0,
  "delaunay_num_at_min": 0,
  "delaunay_p95_disp": 0.4645080268383026,
  "delaunay_param_max": 0.7648470997810364,
  "delaunay_param_mean_abs": 0.30498114228248596,
  "delaunay_param_min": -0.8399680256843567,
  "edit_identity_angle_degrees": 4.28701639175415,
  "edit_identity_angle_radians": 0.0748225525021553,
  "edit_identity_cosine_distance": 0.0027979016304016113,
  "edit_identity_cosine_similarity_raw": 0.9972020983695984,
  "edit_identity_l2_embedding_distance": 0.07480619847774506,
  "edit_identity_similarity_score_pct": 99.72020721435547,
  "editor_num_inference_steps": 20,
  "face_id": "face_002",
  "fft_phase_enabled": 0,
  "fft_phase_grad_norm": 0.0,
  "fft_phase_max_abs": 0.0,
  "fft_phase_mean_abs": 0.0,
  "fft_phase_norm": 0.0,
  "fft_phase_num_at_max": 0,
  "fft_phase_num_at_min": 0,
  "fft_phase_num_clamped": 0,
  "fft_spatial_delta_mse": 0.0,
  "foldover_fraction": 0.0,
  "fraction_clamped_total": 0.0,
  "identity_angle_degrees": 4.28701639175415,
  "identity_angle_radians": 0.0748225525021553,
  "identity_cosine_distance": 0.0027979016304016113,
  "identity_cosine_similarity_raw": 0.9972020983695984,
  "identity_l2_embedding_distance": 0.07480619847774506,
  "identity_similarity_score_pct": 99.72020721435547,
  "iter": 2,
  "jacobian_det_min": 0.9865564107894897,
  "l2_to_original": 0.008776072412729263,
  "learning_rate": 0.05,
  "legacy_fft_strength_equivalent": 0.0,
  "loss": 0.9972020983695984,
  "mse_to_original": 7.701944559812546e-05,
  "num_at_max_total": 0,
  "num_at_min_total": 0,
  "num_clamped_total": 0,
  "num_total_params": 291,
  "original_embedding_norm": 0.9999999403953552,
  "peak_vram_gb": 5.318171501159668,
  "perturbed_edit_embedding_norm": 1.0,
  "perturbed_embedding_norm": 1.0,
  "prompt": "add black sunglasses",
  "psnr_to_original": 41.13399611843403,
  "rolling_enabled": 1,
  "rolling_grad_norm": 0.0009147397940978408,
  "rolling_max_disp": 0.13262031972408295,
  "rolling_mean_disp": 0.05925237387418747,
  "rolling_num_at_max": 0,
  "rolling_num_at_min": 0,
  "rolling_p95_disp": 0.12522701919078827,
  "rolling_param_max": -0.033528901636600494,
  "rolling_param_mean_abs": 0.11348903179168701,
  "rolling_param_min": -0.19344915449619293,
  "seconds_elapsed": 15.013996459543705,
  "seconds_iter": 5.3708126954734325,
  "seed": 250852,
  "smoothness_tv": 0.005124810617417097,
  "ssim_to_original": 0.9994134902954102,
  "total_geometry_grad_norm": 0.0028408996295183897,
  "total_grad_norm": 0.0028408996295183897,
  "tps_enabled": 1,
  "tps_grad_norm": 0.00043115465086884797,
  "tps_max_disp": 0.45741137862205505,
  "tps_mean_disp": 0.12097528576850891,
  "tps_num_at_max": 0,
  "tps_num_at_min": 0,
  "tps_p95_disp": 0.28829678893089294,
  "tps_param_max": 0.5037773251533508,
  "tps_param_mean_abs": 0.13209792971611023,
  "tps_param_min": -0.38672566413879395
}
