{
  "Z": 0.8857853412628174,
  "best_Z_so_far": 0.8822601437568665,
  "best_iter_so_far": 309,
  "case_id": "face_002__add_headphones",
  "clean_edit_embedding_norm": 1.0,
  "combined_max_disp_px": 2.950592041015625,
  "combined_mean_disp_px": 0.6740738153457642,
  "combined_p95_disp_px": 1.5539448261260986,
  "components_at_boundary": "dct",
  "dct_clipped_high_fraction": 2.288818359375e-05,
  "dct_clipped_low_fraction": 0.0020243327599018812,
  "dct_coefficient_delta_l1": 0.005567917134612799,
  "dct_coefficient_delta_l2": 0.019319506362080574,
  "dct_dc_energy": 21.741518020629883,
  "dct_enabled": 1,
  "dct_frequency_mask_mode": "all_ac",
  "dct_gain_grad_norm": 0.010964316315948963,
  "dct_gain_l2": 6.246323585510254,
  "dct_gain_max": 0.5,
  "dct_gain_mean": -0.03233421593904495,
  "dct_gain_mean_abs": 0.43340450525283813,
  "dct_gain_min": -0.5,
  "dct_high_frequency_energy_after": 5.549644629354589e-05,
  "dct_high_frequency_energy_before": 5.419346780399792e-05,
  "dct_input_coefficient_energy": 0.34209340810775757,
  "dct_low_frequency_energy_after": 0.014471526257693768,
  "dct_low_frequency_energy_before": 0.01535304356366396,
  "dct_mid_frequency_energy_after": 0.0006105001084506512,
  "dct_mid_frequency_energy_before": 0.0004908721311949193,
  "dct_num_at_max": 60,
  "dct_num_at_min": 72,
  "dct_num_clamped": 132,
  "dct_output_coefficient_energy": 0.34201860427856445,
  "dct_relative_energy_change": -0.0002186649217037484,
  "dct_selected_frequency_count": 189,
  "dct_spatial_delta_l1": 0.011160912923514843,
  "dct_spatial_delta_l2": 0.019220396876335144,
  "dct_spatial_delta_max_abs": 0.3812295198440552,
  "dct_spatial_delta_mse": 0.0003694236511364579,
  "delaunay_enabled": 1,
  "delaunay_grad_norm": 0.0046984306536614895,
  "delaunay_max_disp": 2.021632432937622,
  "delaunay_mean_disp": 0.43897610902786255,
  "delaunay_num_at_max": 0,
  "delaunay_num_at_min": 0,
  "delaunay_p95_disp": 1.2142400741577148,
  "delaunay_param_max": 1.7996019124984741,
  "delaunay_param_mean_abs": 0.48914310336112976,
  "delaunay_param_min": -1.6604723930358887,
  "edit_identity_angle_degrees": 27.65167999267578,
  "edit_identity_angle_radians": 0.48261284828186035,
  "edit_identity_cosine_distance": 0.11421465873718262,
  "edit_identity_cosine_similarity_raw": 0.8857853412628174,
  "edit_identity_l2_embedding_distance": 0.47794288396835327,
  "edit_identity_similarity_score_pct": 88.57853698730469,
  "editor_num_inference_steps": 20,
  "face_id": "face_002",
  "fft_phase_enabled": 0,
  "fft_phase_grad_norm": 0.0,
  "fft_phase_max_abs": 0.0,
  "fft_phase_mean_abs": 0.0,
  "fft_phase_norm": 0.0,
  "fft_phase_num_at_max": 0,
  "fft_phase_num_at_min": 0,
  "fft_phase_num_clamped": 0,
  "fft_spatial_delta_mse": 0.0,
  "foldover_fraction": 0.0,
  "fraction_clamped_total": 0.4536082474226804,
  "identity_angle_degrees": 27.65167999267578,
  "identity_angle_radians": 0.48261284828186035,
  "identity_cosine_distance": 0.11421465873718262,
  "identity_cosine_similarity_raw": 0.8857853412628174,
  "identity_l2_embedding_distance": 0.47794288396835327,
  "identity_similarity_score_pct": 88.57853698730469,
  "iter": 1150,
  "jacobian_det_min": 0.9663612842559814,
  "l2_to_original": 0.03099248558282852,
  "learning_rate": 0.05,
  "legacy_fft_strength_equivalent": 0.0,
  "loss": 0.8857853412628174,
  "mse_to_original": 0.000960534147452563,
  "num_at_max_total": 60,
  "num_at_min_total": 72,
  "num_clamped_total": 132,
  "num_total_params": 291,
  "original_embedding_norm": 1.0,
  "peak_vram_gb": 5.326680660247803,
  "perturbed_edit_embedding_norm": 1.0,
  "perturbed_embedding_norm": 1.0,
  "prompt": "add headphones",
  "psnr_to_original": 30.174871911493895,
  "rolling_enabled": 1,
  "rolling_grad_norm": 0.005095749627798796,
  "rolling_max_disp": 0.15934404730796814,
  "rolling_mean_disp": 0.10721717774868011,
  "rolling_num_at_max": 0,
  "rolling_num_at_min": 0,
  "rolling_p95_disp": 0.15892936289310455,
  "rolling_param_max": 0.1246500089764595,
  "rolling_param_mean_abs": 0.10393556952476501,
  "rolling_param_min": 0.08322113752365112,
  "seconds_elapsed": 8347.297832073644,
  "seconds_iter": 7.2172684371471405,
  "seed": 438717,
  "smoothness_tv": 0.013866448774933815,
  "ssim_to_original": 0.9926680326461792,
  "total_geometry_grad_norm": 0.014178035780787468,
  "total_grad_norm": 0.014178035780787468,
  "tps_enabled": 1,
  "tps_grad_norm": 0.005723508540540934,
  "tps_max_disp": 2.1253669261932373,
  "tps_mean_disp": 0.6825164556503296,
  "tps_num_at_max": 0,
  "tps_num_at_min": 0,
  "tps_p95_disp": 1.7271147966384888,
  "tps_param_max": 1.8622612953186035,
  "tps_param_mean_abs": 0.39526671171188354,
  "tps_param_min": -2.0528311729431152
}
