{
  "Z": 0.8883450031280518,
  "best_Z_so_far": 0.8836501240730286,
  "best_iter_so_far": 81,
  "case_id": "face_002__add_black_sunglasses",
  "clean_edit_embedding_norm": 1.0,
  "combined_max_disp_px": 3.2730860710144043,
  "combined_mean_disp_px": 0.7234949469566345,
  "combined_p95_disp_px": 1.565751552581787,
  "components_at_boundary": "dct",
  "dct_clipped_high_fraction": 1.6530355424038135e-05,
  "dct_clipped_low_fraction": 0.0021947226487100124,
  "dct_coefficient_delta_l1": 0.004819631576538086,
  "dct_coefficient_delta_l2": 0.01578870415687561,
  "dct_dc_energy": 21.747337341308594,
  "dct_enabled": 1,
  "dct_frequency_mask_mode": "all_ac",
  "dct_gain_grad_norm": 0.008198043331503868,
  "dct_gain_l2": 5.652504920959473,
  "dct_gain_max": 0.5,
  "dct_gain_mean": 0.01997222751379013,
  "dct_gain_mean_abs": 0.38465335965156555,
  "dct_gain_min": -0.5,
  "dct_high_frequency_energy_after": 5.0849390390794724e-05,
  "dct_high_frequency_energy_before": 4.5035478251520544e-05,
  "dct_input_coefficient_energy": 0.34217509627342224,
  "dct_low_frequency_energy_after": 0.014141950756311417,
  "dct_low_frequency_energy_before": 0.015384656377136707,
  "dct_mid_frequency_energy_after": 0.0004971213638782501,
  "dct_mid_frequency_energy_before": 0.00046708338777534664,
  "dct_num_at_max": 46,
  "dct_num_at_min": 38,
  "dct_num_clamped": 84,
  "dct_output_coefficient_energy": 0.3420150876045227,
  "dct_relative_energy_change": -0.00046762218698859215,
  "dct_selected_frequency_count": 189,
  "dct_spatial_delta_l1": 0.009322360157966614,
  "dct_spatial_delta_l2": 0.015748007223010063,
  "dct_spatial_delta_max_abs": 0.2800455689430237,
  "dct_spatial_delta_mse": 0.000247999734710902,
  "delaunay_enabled": 1,
  "delaunay_grad_norm": 0.003289487212896347,
  "delaunay_max_disp": 3.9118752479553223,
  "delaunay_mean_disp": 0.680634617805481,
  "delaunay_num_at_max": 0,
  "delaunay_num_at_min": 0,
  "delaunay_p95_disp": 1.9516576528549194,
  "delaunay_param_max": 3.757905960083008,
  "delaunay_param_mean_abs": 0.6266681551933289,
  "delaunay_param_min": -2.675659656524658,
  "edit_identity_angle_degrees": 27.333988189697266,
  "edit_identity_angle_radians": 0.47706809639930725,
  "edit_identity_cosine_distance": 0.11165499687194824,
  "edit_identity_cosine_similarity_raw": 0.8883450031280518,
  "edit_identity_l2_embedding_distance": 0.472557008266449,
  "edit_identity_similarity_score_pct": 88.83450317382812,
  "editor_num_inference_steps": 20,
  "face_id": "face_002",
  "fft_phase_enabled": 0,
  "fft_phase_grad_norm": 0.0,
  "fft_phase_max_abs": 0.0,
  "fft_phase_mean_abs": 0.0,
  "fft_phase_norm": 0.0,
  "fft_phase_num_at_max": 0,
  "fft_phase_num_at_min": 0,
  "fft_phase_num_clamped": 0,
  "fft_spatial_delta_mse": 0.0,
  "foldover_fraction": 0.0,
  "fraction_clamped_total": 0.28865979381443296,
  "identity_angle_degrees": 27.333988189697266,
  "identity_angle_radians": 0.47706809639930725,
  "identity_cosine_distance": 0.11165499687194824,
  "identity_cosine_similarity_raw": 0.8883450031280518,
  "identity_l2_embedding_distance": 0.472557008266449,
  "identity_similarity_score_pct": 88.83450317382812,
  "iter": 675,
  "jacobian_det_min": 0.926493227481842,
  "l2_to_original": 0.02931329794228077,
  "learning_rate": 0.05,
  "legacy_fft_strength_equivalent": 0.0,
  "loss": 0.8883450031280518,
  "mse_to_original": 0.0008592694066464901,
  "num_at_max_total": 46,
  "num_at_min_total": 38,
  "num_clamped_total": 84,
  "num_total_params": 291,
  "original_embedding_norm": 1.0,
  "peak_vram_gb": 5.321223258972168,
  "perturbed_edit_embedding_norm": 0.9999999403953552,
  "perturbed_embedding_norm": 0.9999999403953552,
  "prompt": "add black sunglasses",
  "psnr_to_original": 30.65870650515373,
  "rolling_enabled": 1,
  "rolling_grad_norm": 0.0007455053273588419,
  "rolling_max_disp": 0.47539374232292175,
  "rolling_mean_disp": 0.27685314416885376,
  "rolling_num_at_max": 0,
  "rolling_num_at_min": 0,
  "rolling_p95_disp": 0.472813218832016,
  "rolling_param_max": 0.7657982110977173,
  "rolling_param_mean_abs": 0.6848284602165222,
  "rolling_param_min": -0.6038587093353271,
  "seconds_elapsed": 5326.039939915761,
  "seconds_iter": 5.870235688984394,
  "seed": 250852,
  "smoothness_tv": 0.020825205370783806,
  "ssim_to_original": 0.9934375286102295,
  "total_geometry_grad_norm": 0.00957057997584343,
  "total_grad_norm": 0.00957057997584343,
  "tps_enabled": 1,
  "tps_grad_norm": 0.0036071559879928827,
  "tps_max_disp": 2.0779223442077637,
  "tps_mean_disp": 0.4498900771141052,
  "tps_num_at_max": 0,
  "tps_num_at_min": 0,
  "tps_p95_disp": 1.2575987577438354,
  "tps_param_max": 1.6121618747711182,
  "tps_param_mean_abs": 0.3083937466144562,
  "tps_param_min": -1.43080735206604
}
