{
  "Z": 0.8862875699996948,
  "best_Z_so_far": 0.8836501240730286,
  "best_iter_so_far": 81,
  "case_id": "face_002__add_black_sunglasses",
  "clean_edit_embedding_norm": 1.0,
  "combined_max_disp_px": 1.8518303632736206,
  "combined_mean_disp_px": 0.387203574180603,
  "combined_p95_disp_px": 0.8908660411834717,
  "components_at_boundary": "dct",
  "dct_clipped_high_fraction": 5.086263172415784e-06,
  "dct_clipped_low_fraction": 0.0017763774376362562,
  "dct_coefficient_delta_l1": 0.0046006012707948685,
  "dct_coefficient_delta_l2": 0.01472318172454834,
  "dct_dc_energy": 21.7495174407959,
  "dct_enabled": 1,
  "dct_frequency_mask_mode": "all_ac",
  "dct_gain_grad_norm": 0.005528205074369907,
  "dct_gain_l2": 5.331020832061768,
  "dct_gain_max": 0.5,
  "dct_gain_mean": -0.01968446373939514,
  "dct_gain_mean_abs": 0.35074925422668457,
  "dct_gain_min": -0.5,
  "dct_high_frequency_energy_after": 5.933449574513361e-05,
  "dct_high_frequency_energy_before": 5.089733167551458e-05,
  "dct_input_coefficient_energy": 0.34223419427871704,
  "dct_low_frequency_energy_after": 0.013731385581195354,
  "dct_low_frequency_energy_before": 0.015480046160519123,
  "dct_mid_frequency_energy_after": 0.0004884303780272603,
  "dct_mid_frequency_energy_before": 0.000489505531731993,
  "dct_num_at_max": 35,
  "dct_num_at_min": 29,
  "dct_num_clamped": 64,
  "dct_output_coefficient_energy": 0.3419916033744812,
  "dct_relative_energy_change": -0.0007088447455316782,
  "dct_selected_frequency_count": 189,
  "dct_spatial_delta_l1": 0.008583052083849907,
  "dct_spatial_delta_l2": 0.014698474667966366,
  "dct_spatial_delta_max_abs": 0.23302286863327026,
  "dct_spatial_delta_mse": 0.00021604515495710075,
  "delaunay_enabled": 1,
  "delaunay_grad_norm": 0.005339841824024916,
  "delaunay_max_disp": 1.7052360773086548,
  "delaunay_mean_disp": 0.23012831807136536,
  "delaunay_num_at_max": 0,
  "delaunay_num_at_min": 0,
  "delaunay_p95_disp": 0.7463676929473877,
  "delaunay_param_max": 1.5327037572860718,
  "delaunay_param_mean_abs": 0.3271857500076294,
  "delaunay_param_min": -1.1054413318634033,
  "edit_identity_angle_degrees": 27.58961296081543,
  "edit_identity_angle_radians": 0.48152956366539,
  "edit_identity_cosine_distance": 0.11371243000030518,
  "edit_identity_cosine_similarity_raw": 0.8862875699996948,
  "edit_identity_l2_embedding_distance": 0.4768909811973572,
  "edit_identity_similarity_score_pct": 88.62875366210938,
  "editor_num_inference_steps": 20,
  "face_id": "face_002",
  "fft_phase_enabled": 0,
  "fft_phase_grad_norm": 0.0,
  "fft_phase_max_abs": 0.0,
  "fft_phase_mean_abs": 0.0,
  "fft_phase_norm": 0.0,
  "fft_phase_num_at_max": 0,
  "fft_phase_num_at_min": 0,
  "fft_phase_num_clamped": 0,
  "fft_spatial_delta_mse": 0.0,
  "foldover_fraction": 0.0,
  "fraction_clamped_total": 0.21993127147766323,
  "identity_angle_degrees": 27.58961296081543,
  "identity_angle_radians": 0.48152956366539,
  "identity_cosine_distance": 0.11371243000030518,
  "identity_cosine_similarity_raw": 0.8862875699996948,
  "identity_l2_embedding_distance": 0.4768909811973572,
  "identity_similarity_score_pct": 88.62875366210938,
  "iter": 100,
  "jacobian_det_min": 0.9728726148605347,
  "l2_to_original": 0.02211134135723114,
  "learning_rate": 0.05,
  "legacy_fft_strength_equivalent": 0.0,
  "loss": 0.8862875699996948,
  "mse_to_original": 0.0004889114061370492,
  "num_at_max_total": 35,
  "num_at_min_total": 29,
  "num_clamped_total": 64,
  "num_total_params": 291,
  "original_embedding_norm": 1.0,
  "peak_vram_gb": 5.321223258972168,
  "perturbed_edit_embedding_norm": 0.9999999403953552,
  "perturbed_embedding_norm": 0.9999999403953552,
  "prompt": "add black sunglasses",
  "psnr_to_original": 33.107698306752184,
  "rolling_enabled": 1,
  "rolling_grad_norm": 0.003033288288861513,
  "rolling_max_disp": 0.24838243424892426,
  "rolling_mean_disp": 0.1007697805762291,
  "rolling_num_at_max": 0,
  "rolling_num_at_min": 0,
  "rolling_p95_disp": 0.20784306526184082,
  "rolling_param_max": 0.2918100357055664,
  "rolling_param_mean_abs": 0.30844101309776306,
  "rolling_param_min": -0.3250719904899597,
  "seconds_elapsed": 608.7557277306914,
  "seconds_iter": 5.901619091629982,
  "seed": 250852,
  "smoothness_tv": 0.008944850414991379,
  "ssim_to_original": 0.9962663054466248,
  "total_geometry_grad_norm": 0.010294444859027863,
  "total_grad_norm": 0.010294444859027863,
  "tps_enabled": 1,
  "tps_grad_norm": 0.006140014622360468,
  "tps_max_disp": 0.7608036398887634,
  "tps_mean_disp": 0.22726565599441528,
  "tps_num_at_max": 0,
  "tps_num_at_min": 0,
  "tps_p95_disp": 0.5761536359786987,
  "tps_param_max": 0.6828898787498474,
  "tps_param_mean_abs": 0.17906729876995087,
  "tps_param_min": -0.6015098094940186
}
