{
  "Z": 0.8722048997879028,
  "best_Z_so_far": 0.869856595993042,
  "best_iter_so_far": 329,
  "case_id": "face_005__add_headphones",
  "clean_edit_embedding_norm": 1.0,
  "combined_max_disp_px": 5.053347587585449,
  "combined_mean_disp_px": 1.0545161962509155,
  "combined_p95_disp_px": 3.069697856903076,
  "components_at_boundary": "dct",
  "dct_clipped_high_fraction": 0.00909296702593565,
  "dct_clipped_low_fraction": 0.0012537639122456312,
  "dct_coefficient_delta_l1": 0.004302368964999914,
  "dct_coefficient_delta_l2": 0.01630210317671299,
  "dct_dc_energy": 24.595857620239258,
  "dct_enabled": 1,
  "dct_frequency_mask_mode": "all_ac",
  "dct_gain_grad_norm": 0.004957968834787607,
  "dct_gain_l2": 6.061243534088135,
  "dct_gain_max": 0.5,
  "dct_gain_mean": -0.016528159379959106,
  "dct_gain_mean_abs": 0.42042645812034607,
  "dct_gain_min": -0.5,
  "dct_high_frequency_energy_after": 2.7441768907010555e-05,
  "dct_high_frequency_energy_before": 3.0816649086773396e-05,
  "dct_input_coefficient_energy": 0.3864029049873352,
  "dct_low_frequency_energy_after": 0.019559316337108612,
  "dct_low_frequency_energy_before": 0.014011119492352009,
  "dct_mid_frequency_energy_after": 0.00041589722968637943,
  "dct_mid_frequency_energy_before": 0.0002677924931049347,
  "dct_num_at_max": 52,
  "dct_num_at_min": 64,
  "dct_num_clamped": 116,
  "dct_output_coefficient_energy": 0.38724178075790405,
  "dct_relative_energy_change": 0.002170987194404006,
  "dct_selected_frequency_count": 189,
  "dct_spatial_delta_l1": 0.009224442765116692,
  "dct_spatial_delta_l2": 0.016037294641137123,
  "dct_spatial_delta_max_abs": 0.29050418734550476,
  "dct_spatial_delta_mse": 0.0002571948280092329,
  "delaunay_enabled": 1,
  "delaunay_grad_norm": 0.00157026550732553,
  "delaunay_max_disp": 2.620483160018921,
  "delaunay_mean_disp": 0.6013337969779968,
  "delaunay_num_at_max": 0,
  "delaunay_num_at_min": 0,
  "delaunay_p95_disp": 1.6639726161956787,
  "delaunay_param_max": 1.814512848854065,
  "delaunay_param_mean_abs": 0.5275456309318542,
  "delaunay_param_min": -2.583263635635376,
  "edit_identity_angle_degrees": 29.284114837646484,
  "edit_identity_angle_radians": 0.5111042261123657,
  "edit_identity_cosine_distance": 0.12779510021209717,
  "edit_identity_cosine_similarity_raw": 0.8722048997879028,
  "edit_identity_l2_embedding_distance": 0.5055592656135559,
  "edit_identity_similarity_score_pct": 87.22048950195312,
  "editor_num_inference_steps": 20,
  "face_id": "face_005",
  "fft_phase_enabled": 0,
  "fft_phase_grad_norm": 0.0,
  "fft_phase_max_abs": 0.0,
  "fft_phase_mean_abs": 0.0,
  "fft_phase_norm": 0.0,
  "fft_phase_num_at_max": 0,
  "fft_phase_num_at_min": 0,
  "fft_phase_num_clamped": 0,
  "fft_spatial_delta_mse": 0.0,
  "foldover_fraction": 0.0,
  "fraction_clamped_total": 0.39862542955326463,
  "identity_angle_degrees": 29.284114837646484,
  "identity_angle_radians": 0.5111042261123657,
  "identity_cosine_distance": 0.12779510021209717,
  "identity_cosine_similarity_raw": 0.8722048997879028,
  "identity_l2_embedding_distance": 0.5055592656135559,
  "identity_similarity_score_pct": 87.22048950195312,
  "iter": 675,
  "jacobian_det_min": 0.9214158058166504,
  "l2_to_original": 0.027650102972984314,
  "learning_rate": 0.05,
  "legacy_fft_strength_equivalent": 0.0,
  "loss": 0.8722048997879028,
  "mse_to_original": 0.0007645281730219722,
  "num_at_max_total": 52,
  "num_at_min_total": 64,
  "num_clamped_total": 116,
  "num_total_params": 291,
  "original_embedding_norm": 1.0,
  "peak_vram_gb": 5.326680660247803,
  "perturbed_edit_embedding_norm": 1.0,
  "perturbed_embedding_norm": 1.0,
  "prompt": "add headphones",
  "psnr_to_original": 31.16606506114918,
  "rolling_enabled": 1,
  "rolling_grad_norm": 0.00169255246873945,
  "rolling_max_disp": 0.16258984804153442,
  "rolling_mean_disp": 0.09516718983650208,
  "rolling_num_at_max": 0,
  "rolling_num_at_min": 0,
  "rolling_p95_disp": 0.16173967719078064,
  "rolling_param_max": 0.2567192614078522,
  "rolling_param_mean_abs": 0.23554077744483948,
  "rolling_param_min": -0.2143622785806656,
  "seconds_elapsed": 3930.846701456234,
  "seconds_iter": 5.737661108374596,
  "seed": 405993,
  "smoothness_tv": 0.02270440384745598,
  "ssim_to_original": 0.9942613244056702,
  "total_geometry_grad_norm": 0.005718749016523361,
  "total_grad_norm": 0.005718749016523361,
  "tps_enabled": 1,
  "tps_grad_norm": 0.0016709781484678388,
  "tps_max_disp": 2.983851432800293,
  "tps_mean_disp": 0.8463757634162903,
  "tps_num_at_max": 0,
  "tps_num_at_min": 0,
  "tps_p95_disp": 2.351623773574829,
  "tps_param_max": 2.5773136615753174,
  "tps_param_mean_abs": 0.5110517740249634,
  "tps_param_min": -2.6295037269592285
}
