{
  "Z": 0.873963475227356,
  "best_Z_so_far": 0.873963475227356,
  "best_iter_so_far": 2,
  "case_id": "face_005__add_headphones",
  "clean_edit_embedding_norm": 1.0,
  "combined_max_disp_px": 1.1808793544769287,
  "combined_mean_disp_px": 0.30976441502571106,
  "combined_p95_disp_px": 0.8144330382347107,
  "components_at_boundary": "",
  "dct_clipped_high_fraction": 0.007568359375,
  "dct_clipped_low_fraction": 0.0003153483266942203,
  "dct_coefficient_delta_l1": 0.0006080099265091121,
  "dct_coefficient_delta_l2": 0.0022996000479906797,
  "dct_dc_energy": 24.615819931030273,
  "dct_enabled": 1,
  "dct_frequency_mask_mode": "all_ac",
  "dct_gain_grad_norm": 0.008655182085931301,
  "dct_gain_l2": 1.1510682106018066,
  "dct_gain_max": 0.10006627440452576,
  "dct_gain_mean": 0.004894045647233725,
  "dct_gain_mean_abs": 0.07882150262594223,
  "dct_gain_min": -0.10004230588674545,
  "dct_high_frequency_energy_after": 3.981209374614991e-05,
  "dct_high_frequency_energy_before": 3.829713386949152e-05,
  "dct_input_coefficient_energy": 0.3867376446723938,
  "dct_low_frequency_energy_after": 0.014445973560214043,
  "dct_low_frequency_energy_before": 0.014076422899961472,
  "dct_mid_frequency_energy_after": 0.0003021055308636278,
  "dct_mid_frequency_energy_before": 0.00029353247373364866,
  "dct_num_at_max": 0,
  "dct_num_at_min": 0,
  "dct_num_clamped": 0,
  "dct_output_coefficient_energy": 0.3867937922477722,
  "dct_relative_energy_change": 0.00014518259558826685,
  "dct_selected_frequency_count": 189,
  "dct_spatial_delta_l1": 0.0013655147049576044,
  "dct_spatial_delta_l2": 0.002293508732691407,
  "dct_spatial_delta_max_abs": 0.03472083806991577,
  "dct_spatial_delta_mse": 5.2601826610043645e-06,
  "delaunay_enabled": 1,
  "delaunay_grad_norm": 0.0031500852201133966,
  "delaunay_max_disp": 0.9844985604286194,
  "delaunay_mean_disp": 0.2591201066970825,
  "delaunay_num_at_max": 0,
  "delaunay_num_at_min": 0,
  "delaunay_p95_disp": 0.6967287659645081,
  "delaunay_param_max": 0.7116740942001343,
  "delaunay_param_mean_abs": 0.35292479395866394,
  "delaunay_param_min": -1.0094975233078003,
  "edit_identity_angle_degrees": 29.07746124267578,
  "edit_identity_angle_radians": 0.5074974298477173,
  "edit_identity_cosine_distance": 0.12603652477264404,
  "edit_identity_cosine_similarity_raw": 0.873963475227356,
  "edit_identity_l2_embedding_distance": 0.502068817615509,
  "edit_identity_similarity_score_pct": 87.39634704589844,
  "editor_num_inference_steps": 20,
  "face_id": "face_005",
  "fft_phase_enabled": 0,
  "fft_phase_grad_norm": 0.0,
  "fft_phase_max_abs": 0.0,
  "fft_phase_mean_abs": 0.0,
  "fft_phase_norm": 0.0,
  "fft_phase_num_at_max": 0,
  "fft_phase_num_at_min": 0,
  "fft_phase_num_clamped": 0,
  "fft_spatial_delta_mse": 0.0,
  "foldover_fraction": 0.0,
  "fraction_clamped_total": 0.0,
  "identity_angle_degrees": 29.07746124267578,
  "identity_angle_radians": 0.5074974298477173,
  "identity_cosine_distance": 0.12603652477264404,
  "identity_cosine_similarity_raw": 0.873963475227356,
  "identity_l2_embedding_distance": 0.502068817615509,
  "identity_similarity_score_pct": 87.39634704589844,
  "iter": 2,
  "jacobian_det_min": 0.9867320656776428,
  "l2_to_original": 0.010510748252272606,
  "learning_rate": 0.05,
  "legacy_fft_strength_equivalent": 0.0,
  "loss": 0.873963475227356,
  "mse_to_original": 0.00011047583393519744,
  "num_at_max_total": 0,
  "num_at_min_total": 0,
  "num_clamped_total": 0,
  "num_total_params": 291,
  "original_embedding_norm": 1.0,
  "peak_vram_gb": 5.318171501159668,
  "perturbed_edit_embedding_norm": 0.9999999403953552,
  "perturbed_embedding_norm": 0.9999999403953552,
  "prompt": "add headphones",
  "psnr_to_original": 39.56732711448515,
  "rolling_enabled": 1,
  "rolling_grad_norm": 0.0009401618153788149,
  "rolling_max_disp": 0.11875827610492706,
  "rolling_mean_disp": 0.07909278571605682,
  "rolling_num_at_max": 0,
  "rolling_num_at_min": 0,
  "rolling_p95_disp": 0.11843214184045792,
  "rolling_param_max": -0.012537072412669659,
  "rolling_param_mean_abs": 0.038698188960552216,
  "rolling_param_min": -0.0648593083024025,
  "seconds_elapsed": 13.825533717870712,
  "seconds_iter": 5.545962488278747,
  "seed": 405993,
  "smoothness_tv": 0.0056682005524635315,
  "ssim_to_original": 0.999165415763855,
  "total_geometry_grad_norm": 0.010028807446360588,
  "total_grad_norm": 0.010028807446360588,
  "tps_enabled": 1,
  "tps_grad_norm": 0.0038545888382941484,
  "tps_max_disp": 0.5417102575302124,
  "tps_mean_disp": 0.13384787738323212,
  "tps_num_at_max": 0,
  "tps_num_at_min": 0,
  "tps_p95_disp": 0.3674952983856201,
  "tps_param_max": 0.49422556161880493,
  "tps_param_mean_abs": 0.17748431861400604,
  "tps_param_min": -0.5320279002189636
}
