{
  "Z": 0.8929764032363892,
  "best_Z_so_far": 0.8911007046699524,
  "best_iter_so_far": 64,
  "case_id": "face_005__add_black_sunglasses",
  "clean_edit_embedding_norm": 0.9999999403953552,
  "combined_max_disp_px": 2.8926730155944824,
  "combined_mean_disp_px": 0.6893116235733032,
  "combined_p95_disp_px": 1.8000636100769043,
  "components_at_boundary": "dct",
  "dct_clipped_high_fraction": 0.007662455551326275,
  "dct_clipped_low_fraction": 0.000782012939453125,
  "dct_coefficient_delta_l1": 0.0037565191742032766,
  "dct_coefficient_delta_l2": 0.012649636715650558,
  "dct_dc_energy": 24.646705627441406,
  "dct_enabled": 1,
  "dct_frequency_mask_mode": "all_ac",
  "dct_gain_grad_norm": 0.012955720536410809,
  "dct_gain_l2": 5.643653392791748,
  "dct_gain_max": 0.5,
  "dct_gain_mean": 0.12236124277114868,
  "dct_gain_mean_abs": 0.38132914900779724,
  "dct_gain_min": -0.5,
  "dct_high_frequency_energy_after": 5.629449151456356e-05,
  "dct_high_frequency_energy_before": 3.784657019423321e-05,
  "dct_input_coefficient_energy": 0.38719117641448975,
  "dct_low_frequency_energy_after": 0.014412272721529007,
  "dct_low_frequency_energy_before": 0.013887329958379269,
  "dct_mid_frequency_energy_after": 0.0003292839974164963,
  "dct_mid_frequency_energy_before": 0.00028778883279301226,
  "dct_num_at_max": 60,
  "dct_num_at_min": 24,
  "dct_num_clamped": 84,
  "dct_output_coefficient_energy": 0.38728994131088257,
  "dct_relative_energy_change": 0.0002550804347265512,
  "dct_selected_frequency_count": 189,
  "dct_spatial_delta_l1": 0.007232676260173321,
  "dct_spatial_delta_l2": 0.012558662332594395,
  "dct_spatial_delta_max_abs": 0.24452778697013855,
  "dct_spatial_delta_mse": 0.0001577200018800795,
  "delaunay_enabled": 1,
  "delaunay_grad_norm": 0.005344402510672808,
  "delaunay_max_disp": 1.8766065835952759,
  "delaunay_mean_disp": 0.3609199523925781,
  "delaunay_num_at_max": 0,
  "delaunay_num_at_min": 0,
  "delaunay_p95_disp": 1.0210524797439575,
  "delaunay_param_max": 1.5946651697158813,
  "delaunay_param_mean_abs": 0.4466145932674408,
  "delaunay_param_min": -0.7878994345664978,
  "edit_identity_angle_degrees": 26.750322341918945,
  "edit_identity_angle_radians": 0.4668811857700348,
  "edit_identity_cosine_distance": 0.10702359676361084,
  "edit_identity_cosine_similarity_raw": 0.8929764032363892,
  "edit_identity_l2_embedding_distance": 0.4626525640487671,
  "edit_identity_similarity_score_pct": 89.29763793945312,
  "editor_num_inference_steps": 20,
  "face_id": "face_005",
  "fft_phase_enabled": 0,
  "fft_phase_grad_norm": 0.0,
  "fft_phase_max_abs": 0.0,
  "fft_phase_mean_abs": 0.0,
  "fft_phase_norm": 0.0,
  "fft_phase_num_at_max": 0,
  "fft_phase_num_at_min": 0,
  "fft_phase_num_clamped": 0,
  "fft_spatial_delta_mse": 0.0,
  "foldover_fraction": 0.0,
  "fraction_clamped_total": 0.28865979381443296,
  "identity_angle_degrees": 26.750322341918945,
  "identity_angle_radians": 0.4668811857700348,
  "identity_cosine_distance": 0.10702359676361084,
  "identity_cosine_similarity_raw": 0.8929764032363892,
  "identity_l2_embedding_distance": 0.4626525640487671,
  "identity_similarity_score_pct": 89.29763793945312,
  "iter": 100,
  "jacobian_det_min": 0.9591503143310547,
  "l2_to_original": 0.020917842164635658,
  "learning_rate": 0.05,
  "legacy_fft_strength_equivalent": 0.0,
  "loss": 0.8929764032363892,
  "mse_to_original": 0.00043755615479312837,
  "num_at_max_total": 60,
  "num_at_min_total": 24,
  "num_clamped_total": 84,
  "num_total_params": 291,
  "original_embedding_norm": 0.9999999403953552,
  "peak_vram_gb": 5.326680660247803,
  "perturbed_edit_embedding_norm": 0.9999999403953552,
  "perturbed_embedding_norm": 0.9999999403953552,
  "prompt": "add black sunglasses",
  "psnr_to_original": 33.589662028661394,
  "rolling_enabled": 1,
  "rolling_grad_norm": 0.005278215277940035,
  "rolling_max_disp": 0.0816669836640358,
  "rolling_mean_disp": 0.05639752745628357,
  "rolling_num_at_max": 0,
  "rolling_num_at_min": 0,
  "rolling_p95_disp": 0.08155576884746552,
  "rolling_param_max": 0.07766193896532059,
  "rolling_param_mean_abs": 0.06057856231927872,
  "rolling_param_min": 0.043495189398527145,
  "seconds_elapsed": 741.7572068944573,
  "seconds_iter": 8.056557385250926,
  "seed": 67119,
  "smoothness_tv": 0.012986035086214542,
  "ssim_to_original": 0.9966962337493896,
  "total_geometry_grad_norm": 0.016287200152873993,
  "total_grad_norm": 0.016287200152873993,
  "tps_enabled": 1,
  "tps_grad_norm": 0.006403124425560236,
  "tps_max_disp": 1.6519962549209595,
  "tps_mean_disp": 0.3805660605430603,
  "tps_num_at_max": 0,
  "tps_num_at_min": 0,
  "tps_p95_disp": 1.215272068977356,
  "tps_param_max": 1.1935467720031738,
  "tps_param_mean_abs": 0.2360692024230957,
  "tps_param_min": -0.9497697353363037
}
