{
  "Z": 0.8846569061279297,
  "best_Z_so_far": 0.8819670677185059,
  "best_iter_so_far": 1199,
  "case_id": "face_002__add_black_sunglasses",
  "clean_edit_embedding_norm": 1.0,
  "combined_max_disp_px": 6.464531898498535,
  "combined_mean_disp_px": 1.1302847862243652,
  "combined_p95_disp_px": 2.8399503231048584,
  "components_at_boundary": "dct",
  "dct_clipped_high_fraction": 2.7974447220913135e-05,
  "dct_clipped_low_fraction": 0.0026639304123818874,
  "dct_coefficient_delta_l1": 0.00485931197181344,
  "dct_coefficient_delta_l2": 0.015939153730869293,
  "dct_dc_energy": 21.766998291015625,
  "dct_enabled": 1,
  "dct_frequency_mask_mode": "all_ac",
  "dct_gain_grad_norm": 0.01548320334404707,
  "dct_gain_l2": 5.904757976531982,
  "dct_gain_max": 0.5,
  "dct_gain_mean": 0.075098417699337,
  "dct_gain_mean_abs": 0.40353330969810486,
  "dct_gain_min": -0.5,
  "dct_high_frequency_energy_after": 5.7003133406396955e-05,
  "dct_high_frequency_energy_before": 4.048800838063471e-05,
  "dct_input_coefficient_energy": 0.3424655795097351,
  "dct_low_frequency_energy_after": 0.015938324853777885,
  "dct_low_frequency_energy_before": 0.015332184731960297,
  "dct_mid_frequency_energy_after": 0.0004754656692966819,
  "dct_mid_frequency_energy_before": 0.00044901983346790075,
  "dct_num_at_max": 67,
  "dct_num_at_min": 36,
  "dct_num_clamped": 103,
  "dct_output_coefficient_energy": 0.3425687551498413,
  "dct_relative_energy_change": 0.0003012730157934129,
  "dct_selected_frequency_count": 189,
  "dct_spatial_delta_l1": 0.009378710761666298,
  "dct_spatial_delta_l2": 0.01583523117005825,
  "dct_spatial_delta_max_abs": 0.22626984119415283,
  "dct_spatial_delta_mse": 0.00025075452867895365,
  "delaunay_enabled": 1,
  "delaunay_grad_norm": 0.003528284840285778,
  "delaunay_max_disp": 4.982548236846924,
  "delaunay_mean_disp": 0.9318937063217163,
  "delaunay_num_at_max": 0,
  "delaunay_num_at_min": 0,
  "delaunay_p95_disp": 2.7553858757019043,
  "delaunay_param_max": 4.249170303344727,
  "delaunay_param_mean_abs": 0.826707661151886,
  "delaunay_param_min": -4.629368782043457,
  "edit_identity_angle_degrees": 27.79067039489746,
  "edit_identity_angle_radians": 0.485038697719574,
  "edit_identity_cosine_distance": 0.11534309387207031,
  "edit_identity_cosine_similarity_raw": 0.8846569061279297,
  "edit_identity_l2_embedding_distance": 0.48029816150665283,
  "edit_identity_similarity_score_pct": 88.46569061279297,
  "editor_num_inference_steps": 20,
  "face_id": "face_002",
  "fft_phase_enabled": 0,
  "fft_phase_grad_norm": 0.0,
  "fft_phase_max_abs": 0.0,
  "fft_phase_mean_abs": 0.0,
  "fft_phase_norm": 0.0,
  "fft_phase_num_at_max": 0,
  "fft_phase_num_at_min": 0,
  "fft_phase_num_clamped": 0,
  "fft_spatial_delta_mse": 0.0,
  "foldover_fraction": 0.0,
  "fraction_clamped_total": 0.3539518900343643,
  "identity_angle_degrees": 27.79067039489746,
  "identity_angle_radians": 0.485038697719574,
  "identity_cosine_distance": 0.11534309387207031,
  "identity_cosine_similarity_raw": 0.8846569061279297,
  "identity_l2_embedding_distance": 0.48029816150665283,
  "identity_similarity_score_pct": 88.46569061279297,
  "iter": 1250,
  "jacobian_det_min": 0.8513545989990234,
  "l2_to_original": 0.03860819712281227,
  "learning_rate": 0.05,
  "legacy_fft_strength_equivalent": 0.0,
  "loss": 0.8846569061279297,
  "mse_to_original": 0.0014905929565429688,
  "num_at_max_total": 67,
  "num_at_min_total": 36,
  "num_clamped_total": 103,
  "num_total_params": 291,
  "original_embedding_norm": 1.0,
  "peak_vram_gb": 5.323420524597168,
  "perturbed_edit_embedding_norm": 0.9999999403953552,
  "perturbed_embedding_norm": 0.9999999403953552,
  "prompt": "add black sunglasses",
  "psnr_to_original": 28.26640935260437,
  "rolling_enabled": 1,
  "rolling_grad_norm": 0.0010934668825939298,
  "rolling_max_disp": 0.9289249181747437,
  "rolling_mean_disp": 0.528164803981781,
  "rolling_num_at_max": 0,
  "rolling_num_at_min": 0,
  "rolling_p95_disp": 0.9240132570266724,
  "rolling_param_max": 1.3731143474578857,
  "rolling_param_mean_abs": 1.173579454421997,
  "rolling_param_min": -0.9740446209907532,
  "seconds_elapsed": 9008.502969665453,
  "seconds_iter": 7.8274578638374805,
  "seed": 250852,
  "smoothness_tv": 0.031903211027383804,
  "ssim_to_original": 0.9886338710784912,
  "total_geometry_grad_norm": 0.016512155532836914,
  "total_grad_norm": 0.016512155532836914,
  "tps_enabled": 1,
  "tps_grad_norm": 0.00439058244228363,
  "tps_max_disp": 2.150805711746216,
  "tps_mean_disp": 0.6196231842041016,
  "tps_num_at_max": 0,
  "tps_num_at_min": 0,
  "tps_p95_disp": 1.6788450479507446,
  "tps_param_max": 1.5520274639129639,
  "tps_param_mean_abs": 0.3598001003265381,
  "tps_param_min": -1.9043456315994263
}
