{
  "combined_max_disp_px": 15.360001564025879,
  "combined_mean_disp_px": 11.091872215270996,
  "combined_p95_disp_px": 15.360000610351562,
  "jacobian_det_min": 0.7540445327758789,
  "foldover_fraction": 0.0,
  "smoothness_tv": 0.07462239265441895,
  "tps_mean_disp": 1.0000002248489182e-06,
  "tps_max_disp": 9.999999974752427e-07,
  "tps_p95_disp": 9.999999974752427e-07,
  "delaunay_mean_disp": 1.0000002248489182e-06,
  "delaunay_max_disp": 9.999999974752427e-07,
  "delaunay_p95_disp": 9.999999974752427e-07,
  "rolling_mean_disp": 1.0000002248489182e-06,
  "rolling_max_disp": 9.999999974752427e-07,
  "rolling_p95_disp": 9.999999974752427e-07,
  "polar_mean_disp": 1.0000002248489182e-06,
  "polar_max_disp": 9.999999974752427e-07,
  "polar_p95_disp": 9.999999974752427e-07,
  "bspline_mean_disp": 11.091872215270996,
  "bspline_max_disp": 15.360001564025879,
  "bspline_p95_disp": 15.360000610351562,
  "lens_barrel_mean_disp": 1.0000002248489182e-06,
  "lens_barrel_max_disp": 9.999999974752427e-07,
  "lens_barrel_p95_disp": 9.999999974752427e-07,
  "lens_pincushion_mean_disp": 1.0000002248489182e-06,
  "lens_pincushion_max_disp": 9.999999974752427e-07,
  "lens_pincushion_p95_disp": 9.999999974752427e-07,
  "mobius_mean_disp": 1.0000002248489182e-06,
  "mobius_max_disp": 9.999999974752427e-07,
  "mobius_p95_disp": 9.999999974752427e-07,
  "laplacian_mean_disp": 1.0000002248489182e-06,
  "laplacian_max_disp": 9.999999974752427e-07,
  "laplacian_p95_disp": 9.999999974752427e-07,
  "geodesic_mean_disp": 1.0000002248489182e-06,
  "geodesic_max_disp": 9.999999974752427e-07,
  "geodesic_p95_disp": 9.999999974752427e-07,
  "differential_surface_mean_disp": 1.0000002248489182e-06,
  "differential_surface_max_disp": 9.999999974752427e-07,
  "differential_surface_p95_disp": 9.999999974752427e-07,
  "dct_enabled": 0,
  "dct_gain_min": 0.0,
  "dct_gain_max": 0.0,
  "dct_gain_mean": 0.0,
  "dct_gain_mean_abs": 0.0,
  "dct_gain_l2": 0.0,
  "dct_num_at_min": 0,
  "dct_num_at_max": 0,
  "dct_num_clamped": 0,
  "dct_selected_frequency_count": 0,
  "dct_frequency_mask_mode": "all_ac",
  "dct_input_coefficient_energy": 0.0,
  "dct_output_coefficient_energy": 0.0,
  "dct_coefficient_delta_l1": 0.0,
  "dct_coefficient_delta_l2": 0.0,
  "dct_relative_energy_change": 0.0,
  "dct_spatial_delta_mse": 0.0,
  "dct_spatial_delta_l1": 0.0,
  "dct_spatial_delta_l2": 0.0,
  "dct_spatial_delta_max_abs": 0.0,
  "dct_clipped_low_fraction": 0.0,
  "dct_clipped_high_fraction": 0.0,
  "dct_dc_energy": 0.0,
  "dct_low_frequency_energy_before": 0.0,
  "dct_low_frequency_energy_after": 0.0,
  "dct_mid_frequency_energy_before": 0.0,
  "dct_mid_frequency_energy_after": 0.0,
  "dct_high_frequency_energy_before": 0.0,
  "dct_high_frequency_energy_after": 0.0,
  "fft_phase_norm": 0.0,
  "fft_phase_mean_abs": 0.0,
  "fft_phase_max_abs": 0.0,
  "legacy_fft_strength_equivalent": 0.0,
  "fft_spatial_delta_mse": 0.0
}