{
  "Z": 0.8917174935340881,
  "best_Z_so_far": 0.8900959491729736,
  "best_iter_so_far": 342,
  "case_id": "face_005__add_black_sunglasses",
  "clean_edit_embedding_norm": 0.9999999403953552,
  "combined_max_disp_px": 3.0862202644348145,
  "combined_mean_disp_px": 0.975135087966919,
  "combined_p95_disp_px": 2.325239896774292,
  "components_at_boundary": "dct",
  "dct_clipped_high_fraction": 0.0084075927734375,
  "dct_clipped_low_fraction": 0.00079345703125,
  "dct_coefficient_delta_l1": 0.004704826977103949,
  "dct_coefficient_delta_l2": 0.017644142732024193,
  "dct_dc_energy": 24.632429122924805,
  "dct_enabled": 1,
  "dct_frequency_mask_mode": "all_ac",
  "dct_gain_grad_norm": 0.028959864750504494,
  "dct_gain_l2": 6.250631809234619,
  "dct_gain_max": 0.5,
  "dct_gain_mean": 0.08178563416004181,
  "dct_gain_mean_abs": 0.43801790475845337,
  "dct_gain_min": -0.5,
  "dct_high_frequency_energy_after": 3.3925189200090244e-05,
  "dct_high_frequency_energy_before": 3.019370160473045e-05,
  "dct_input_coefficient_energy": 0.386945903301239,
  "dct_low_frequency_energy_after": 0.013635294511914253,
  "dct_low_frequency_energy_before": 0.013811670243740082,
  "dct_mid_frequency_energy_after": 0.00031265438883565366,
  "dct_mid_frequency_energy_before": 0.0002675537543836981,
  "dct_num_at_max": 69,
  "dct_num_at_min": 59,
  "dct_num_clamped": 128,
  "dct_output_coefficient_energy": 0.3869410455226898,
  "dct_relative_energy_change": -1.2554154636745807e-05,
  "dct_selected_frequency_count": 189,
  "dct_spatial_delta_l1": 0.010072370059788227,
  "dct_spatial_delta_l2": 0.017536764964461327,
  "dct_spatial_delta_max_abs": 0.3255040645599365,
  "dct_spatial_delta_mse": 0.0003075381391681731,
  "delaunay_enabled": 1,
  "delaunay_grad_norm": 0.0042045037262141705,
  "delaunay_max_disp": 3.3540825843811035,
  "delaunay_mean_disp": 0.5641841888427734,
  "delaunay_num_at_max": 0,
  "delaunay_num_at_min": 0,
  "delaunay_p95_disp": 1.8248847723007202,
  "delaunay_param_max": 3.209620952606201,
  "delaunay_param_mean_abs": 0.5673794746398926,
  "delaunay_param_min": -1.512460470199585,
  "edit_identity_angle_degrees": 26.91013526916504,
  "edit_identity_angle_radians": 0.46967044472694397,
  "edit_identity_cosine_distance": 0.10828250646591187,
  "edit_identity_cosine_similarity_raw": 0.8917174935340881,
  "edit_identity_l2_embedding_distance": 0.4653656482696533,
  "edit_identity_similarity_score_pct": 89.1717529296875,
  "editor_num_inference_steps": 20,
  "face_id": "face_005",
  "fft_phase_enabled": 0,
  "fft_phase_grad_norm": 0.0,
  "fft_phase_max_abs": 0.0,
  "fft_phase_mean_abs": 0.0,
  "fft_phase_norm": 0.0,
  "fft_phase_num_at_max": 0,
  "fft_phase_num_at_min": 0,
  "fft_phase_num_clamped": 0,
  "fft_spatial_delta_mse": 0.0,
  "foldover_fraction": 0.0,
  "fraction_clamped_total": 0.43986254295532645,
  "identity_angle_degrees": 26.91013526916504,
  "identity_angle_radians": 0.46967044472694397,
  "identity_cosine_distance": 0.10828250646591187,
  "identity_cosine_similarity_raw": 0.8917174935340881,
  "identity_l2_embedding_distance": 0.4653656482696533,
  "identity_similarity_score_pct": 89.1717529296875,
  "iter": 1000,
  "jacobian_det_min": 0.9422447085380554,
  "l2_to_original": 0.029284339398145676,
  "learning_rate": 0.05,
  "legacy_fft_strength_equivalent": 0.0,
  "loss": 0.8917174935340881,
  "mse_to_original": 0.0008575725369155407,
  "num_at_max_total": 69,
  "num_at_min_total": 59,
  "num_clamped_total": 128,
  "num_total_params": 291,
  "original_embedding_norm": 0.9999999403953552,
  "peak_vram_gb": 5.326680660247803,
  "perturbed_edit_embedding_norm": 1.0,
  "perturbed_embedding_norm": 1.0,
  "prompt": "add black sunglasses",
  "psnr_to_original": 30.667291353670375,
  "rolling_enabled": 1,
  "rolling_grad_norm": 0.0020606177859008312,
  "rolling_max_disp": 0.11701484024524689,
  "rolling_mean_disp": 0.0715520977973938,
  "rolling_num_at_max": 0,
  "rolling_num_at_min": 0,
  "rolling_p95_disp": 0.11658843606710434,
  "rolling_param_max": 0.12036143988370895,
  "rolling_param_mean_abs": 0.0639917403459549,
  "rolling_param_min": 0.007622037548571825,
  "seconds_elapsed": 6659.9057673588395,
  "seconds_iter": 6.1047399919480085,
  "seed": 67119,
  "smoothness_tv": 0.021135641261935234,
  "ssim_to_original": 0.9935214519500732,
  "total_geometry_grad_norm": 0.02968609146773815,
  "total_grad_norm": 0.02968609146773815,
  "tps_enabled": 1,
  "tps_grad_norm": 0.004546018783003092,
  "tps_max_disp": 2.916140556335449,
  "tps_mean_disp": 0.72098708152771,
  "tps_num_at_max": 0,
  "tps_num_at_min": 0,
  "tps_p95_disp": 2.0905942916870117,
  "tps_param_max": 1.9265929460525513,
  "tps_param_mean_abs": 0.3759857714176178,
  "tps_param_min": -2.7330563068389893
}
