{
  "Z": 0.8906775116920471,
  "best_Z_so_far": 0.8887966871261597,
  "best_iter_so_far": 1030,
  "case_id": "face_005__add_black_sunglasses",
  "clean_edit_embedding_norm": 0.9999999403953552,
  "combined_max_disp_px": 4.63571834564209,
  "combined_mean_disp_px": 1.0081273317337036,
  "combined_p95_disp_px": 2.6775848865509033,
  "components_at_boundary": "dct",
  "dct_clipped_high_fraction": 0.0084050502628088,
  "dct_clipped_low_fraction": 0.0008646647329442203,
  "dct_coefficient_delta_l1": 0.004779394716024399,
  "dct_coefficient_delta_l2": 0.01794968731701374,
  "dct_dc_energy": 24.627199172973633,
  "dct_enabled": 1,
  "dct_frequency_mask_mode": "all_ac",
  "dct_gain_grad_norm": 0.011713352985680103,
  "dct_gain_l2": 6.200687408447266,
  "dct_gain_max": 0.5,
  "dct_gain_mean": 0.007630073465406895,
  "dct_gain_mean_abs": 0.43476665019989014,
  "dct_gain_min": -0.5,
  "dct_high_frequency_energy_after": 2.828501419571694e-05,
  "dct_high_frequency_energy_before": 3.052608735742979e-05,
  "dct_input_coefficient_energy": 0.3868734538555145,
  "dct_low_frequency_energy_after": 0.014474419876933098,
  "dct_low_frequency_energy_before": 0.01386695634573698,
  "dct_mid_frequency_energy_after": 0.000297114864224568,
  "dct_mid_frequency_energy_before": 0.0002708896354306489,
  "dct_num_at_max": 60,
  "dct_num_at_min": 60,
  "dct_num_clamped": 120,
  "dct_output_coefficient_energy": 0.38696858286857605,
  "dct_relative_energy_change": 0.00024589180247858167,
  "dct_selected_frequency_count": 189,
  "dct_spatial_delta_l1": 0.010387202724814415,
  "dct_spatial_delta_l2": 0.017835097387433052,
  "dct_spatial_delta_max_abs": 0.3016054630279541,
  "dct_spatial_delta_mse": 0.0003180907224304974,
  "delaunay_enabled": 1,
  "delaunay_grad_norm": 0.003333273809403181,
  "delaunay_max_disp": 4.048604965209961,
  "delaunay_mean_disp": 0.6638619899749756,
  "delaunay_num_at_max": 0,
  "delaunay_num_at_min": 0,
  "delaunay_p95_disp": 2.039423942565918,
  "delaunay_param_max": 3.974061965942383,
  "delaunay_param_mean_abs": 0.6231217384338379,
  "delaunay_param_min": -1.5050324201583862,
  "edit_identity_angle_degrees": 27.041494369506836,
  "edit_identity_angle_radians": 0.471963107585907,
  "edit_identity_cosine_distance": 0.10932248830795288,
  "edit_identity_cosine_similarity_raw": 0.8906775116920471,
  "edit_identity_l2_embedding_distance": 0.46759510040283203,
  "edit_identity_similarity_score_pct": 89.0677490234375,
  "editor_num_inference_steps": 20,
  "face_id": "face_005",
  "fft_phase_enabled": 0,
  "fft_phase_grad_norm": 0.0,
  "fft_phase_max_abs": 0.0,
  "fft_phase_mean_abs": 0.0,
  "fft_phase_norm": 0.0,
  "fft_phase_num_at_max": 0,
  "fft_phase_num_at_min": 0,
  "fft_phase_num_clamped": 0,
  "fft_spatial_delta_mse": 0.0,
  "foldover_fraction": 0.0,
  "fraction_clamped_total": 0.41237113402061853,
  "identity_angle_degrees": 27.041494369506836,
  "identity_angle_radians": 0.471963107585907,
  "identity_cosine_distance": 0.10932248830795288,
  "identity_cosine_similarity_raw": 0.8906775116920471,
  "identity_l2_embedding_distance": 0.46759510040283203,
  "identity_similarity_score_pct": 89.0677490234375,
  "iter": 1275,
  "jacobian_det_min": 0.9400278329849243,
  "l2_to_original": 0.030481182038784027,
  "learning_rate": 0.05,
  "legacy_fft_strength_equivalent": 0.0,
  "loss": 0.8906775116920471,
  "mse_to_original": 0.000929102476220578,
  "num_at_max_total": 60,
  "num_at_min_total": 60,
  "num_clamped_total": 120,
  "num_total_params": 291,
  "original_embedding_norm": 0.9999999403953552,
  "peak_vram_gb": 5.326680660247803,
  "perturbed_edit_embedding_norm": 1.0,
  "perturbed_embedding_norm": 1.0,
  "prompt": "add black sunglasses",
  "psnr_to_original": 30.319363824512656,
  "rolling_enabled": 1,
  "rolling_grad_norm": 0.005197939462959766,
  "rolling_max_disp": 0.2322186529636383,
  "rolling_mean_disp": 0.09065596759319305,
  "rolling_num_at_max": 0,
  "rolling_num_at_min": 0,
  "rolling_p95_disp": 0.21574842929840088,
  "rolling_param_max": 0.04343213886022568,
  "rolling_param_mean_abs": 0.14991500973701477,
  "rolling_param_min": -0.25639787316322327,
  "seconds_elapsed": 8305.380502525717,
  "seconds_iter": 5.770652305334806,
  "seed": 67119,
  "smoothness_tv": 0.02375517040491104,
  "ssim_to_original": 0.9929894804954529,
  "total_geometry_grad_norm": 0.013830745592713356,
  "total_grad_norm": 0.013830745592713356,
  "tps_enabled": 1,
  "tps_grad_norm": 0.003994696773588657,
  "tps_max_disp": 3.7399797439575195,
  "tps_mean_disp": 0.8825953602790833,
  "tps_num_at_max": 0,
  "tps_num_at_min": 0,
  "tps_p95_disp": 2.477771520614624,
  "tps_param_max": 1.9584425687789917,
  "tps_param_mean_abs": 0.44415098428726196,
  "tps_param_min": -3.511080026626587
}
