{
  "Z": 0.8906023502349854,
  "best_Z_so_far": 0.8887110948562622,
  "best_iter_so_far": 1349,
  "case_id": "face_005__add_black_sunglasses",
  "clean_edit_embedding_norm": 0.9999999403953552,
  "combined_max_disp_px": 5.473066329956055,
  "combined_mean_disp_px": 1.0653975009918213,
  "combined_p95_disp_px": 2.945713996887207,
  "components_at_boundary": "dct",
  "dct_clipped_high_fraction": 0.00823211669921875,
  "dct_clipped_low_fraction": 0.0008608500356785953,
  "dct_coefficient_delta_l1": 0.0046305106952786446,
  "dct_coefficient_delta_l2": 0.017462799325585365,
  "dct_dc_energy": 24.629959106445312,
  "dct_enabled": 1,
  "dct_frequency_mask_mode": "all_ac",
  "dct_gain_grad_norm": 0.015910254791378975,
  "dct_gain_l2": 6.130119323730469,
  "dct_gain_max": 0.5,
  "dct_gain_mean": 0.004491438157856464,
  "dct_gain_mean_abs": 0.42732375860214233,
  "dct_gain_min": -0.5,
  "dct_high_frequency_energy_after": 2.8735164960380644e-05,
  "dct_high_frequency_energy_before": 3.015686888829805e-05,
  "dct_input_coefficient_energy": 0.3869178891181946,
  "dct_low_frequency_energy_after": 0.014607702381908894,
  "dct_low_frequency_energy_before": 0.013878406956791878,
  "dct_mid_frequency_energy_after": 0.0002961853751912713,
  "dct_mid_frequency_energy_before": 0.00027064367895945907,
  "dct_num_at_max": 54,
  "dct_num_at_min": 59,
  "dct_num_clamped": 113,
  "dct_output_coefficient_energy": 0.3870302140712738,
  "dct_relative_energy_change": 0.0002903069544117898,
  "dct_selected_frequency_count": 189,
  "dct_spatial_delta_l1": 0.010136766359210014,
  "dct_spatial_delta_l2": 0.017360303550958633,
  "dct_spatial_delta_max_abs": 0.27597567439079285,
  "dct_spatial_delta_mse": 0.00030138014699332416,
  "delaunay_enabled": 1,
  "delaunay_grad_norm": 0.005587135441601276,
  "delaunay_max_disp": 4.208510398864746,
  "delaunay_mean_disp": 0.6998560428619385,
  "delaunay_num_at_max": 0,
  "delaunay_num_at_min": 0,
  "delaunay_p95_disp": 2.1558890342712402,
  "delaunay_param_max": 4.133907318115234,
  "delaunay_param_mean_abs": 0.6502214074134827,
  "delaunay_param_min": -1.4368257522583008,
  "edit_identity_angle_degrees": 27.05096435546875,
  "edit_identity_angle_radians": 0.47212839126586914,
  "edit_identity_cosine_distance": 0.10939764976501465,
  "edit_identity_cosine_similarity_raw": 0.8906023502349854,
  "edit_identity_l2_embedding_distance": 0.4677557945251465,
  "edit_identity_similarity_score_pct": 89.06023406982422,
  "editor_num_inference_steps": 20,
  "face_id": "face_005",
  "fft_phase_enabled": 0,
  "fft_phase_grad_norm": 0.0,
  "fft_phase_max_abs": 0.0,
  "fft_phase_mean_abs": 0.0,
  "fft_phase_norm": 0.0,
  "fft_phase_num_at_max": 0,
  "fft_phase_num_at_min": 0,
  "fft_phase_num_clamped": 0,
  "fft_spatial_delta_mse": 0.0,
  "foldover_fraction": 0.0,
  "fraction_clamped_total": 0.38831615120274915,
  "identity_angle_degrees": 27.05096435546875,
  "identity_angle_radians": 0.47212839126586914,
  "identity_cosine_distance": 0.10939764976501465,
  "identity_cosine_similarity_raw": 0.8906023502349854,
  "identity_l2_embedding_distance": 0.4677557945251465,
  "identity_similarity_score_pct": 89.06023406982422,
  "iter": 1400,
  "jacobian_det_min": 0.939086377620697,
  "l2_to_original": 0.030889159068465233,
  "learning_rate": 0.05,
  "legacy_fft_strength_equivalent": 0.0,
  "loss": 0.8906023502349854,
  "mse_to_original": 0.0009541400941088796,
  "num_at_max_total": 54,
  "num_at_min_total": 59,
  "num_clamped_total": 113,
  "num_total_params": 291,
  "original_embedding_norm": 0.9999999403953552,
  "peak_vram_gb": 5.326680660247803,
  "perturbed_edit_embedding_norm": 1.0,
  "perturbed_embedding_norm": 1.0,
  "prompt": "add black sunglasses",
  "psnr_to_original": 30.203878541936355,
  "rolling_enabled": 1,
  "rolling_grad_norm": 0.0063323695212602615,
  "rolling_max_disp": 0.2588026225566864,
  "rolling_mean_disp": 0.07223508507013321,
  "rolling_num_at_max": 0,
  "rolling_num_at_min": 0,
  "rolling_p95_disp": 0.2348860502243042,
  "rolling_param_max": 0.10635069757699966,
  "rolling_param_mean_abs": 0.20156614482402802,
  "rolling_param_min": -0.29678159952163696,
  "seconds_elapsed": 9050.810286736116,
  "seconds_iter": 5.883204368874431,
  "seed": 67119,
  "smoothness_tv": 0.025562919676303864,
  "ssim_to_original": 0.9928023815155029,
  "total_geometry_grad_norm": 0.019053950905799866,
  "total_grad_norm": 0.019053950905799866,
  "tps_enabled": 1,
  "tps_grad_norm": 0.006213042885065079,
  "tps_max_disp": 3.8336260318756104,
  "tps_mean_disp": 0.9353364706039429,
  "tps_num_at_max": 0,
  "tps_num_at_min": 0,
  "tps_p95_disp": 2.653399705886841,
  "tps_param_max": 2.1766433715820312,
  "tps_param_mean_abs": 0.4652427136898041,
  "tps_param_min": -3.607363224029541
}
