{
  "Z": 0.889950156211853,
  "best_Z_so_far": 0.8887966871261597,
  "best_iter_so_far": 1030,
  "case_id": "face_005__add_black_sunglasses",
  "clean_edit_embedding_norm": 0.9999999403953552,
  "combined_max_disp_px": 4.659482955932617,
  "combined_mean_disp_px": 1.0230110883712769,
  "combined_p95_disp_px": 2.6986637115478516,
  "components_at_boundary": "dct",
  "dct_clipped_high_fraction": 0.00822321604937315,
  "dct_clipped_low_fraction": 0.00087738037109375,
  "dct_coefficient_delta_l1": 0.004698506556451321,
  "dct_coefficient_delta_l2": 0.017336590215563774,
  "dct_dc_energy": 24.628026962280273,
  "dct_enabled": 1,
  "dct_frequency_mask_mode": "all_ac",
  "dct_gain_grad_norm": 0.029507776722311974,
  "dct_gain_l2": 6.203855037689209,
  "dct_gain_max": 0.5,
  "dct_gain_mean": 0.00821852870285511,
  "dct_gain_mean_abs": 0.43206578493118286,
  "dct_gain_min": -0.5,
  "dct_high_frequency_energy_after": 2.8395559638738632e-05,
  "dct_high_frequency_energy_before": 3.0580718885175884e-05,
  "dct_input_coefficient_energy": 0.3868858218193054,
  "dct_low_frequency_energy_after": 0.014784129336476326,
  "dct_low_frequency_energy_before": 0.013863136060535908,
  "dct_mid_frequency_energy_after": 0.000298179016681388,
  "dct_mid_frequency_energy_before": 0.0002707874227780849,
  "dct_num_at_max": 64,
  "dct_num_at_min": 57,
  "dct_num_clamped": 121,
  "dct_output_coefficient_energy": 0.38702547550201416,
  "dct_relative_energy_change": 0.00036096872645430267,
  "dct_selected_frequency_count": 189,
  "dct_spatial_delta_l1": 0.0100833335891366,
  "dct_spatial_delta_l2": 0.01721966825425625,
  "dct_spatial_delta_max_abs": 0.2965809404850006,
  "dct_spatial_delta_mse": 0.00029651695513166487,
  "delaunay_enabled": 1,
  "delaunay_grad_norm": 0.00303397118113935,
  "delaunay_max_disp": 4.016080379486084,
  "delaunay_mean_disp": 0.6555472612380981,
  "delaunay_num_at_max": 0,
  "delaunay_num_at_min": 0,
  "delaunay_p95_disp": 2.0244357585906982,
  "delaunay_param_max": 3.9425809383392334,
  "delaunay_param_mean_abs": 0.6235510110855103,
  "delaunay_param_min": -1.5848270654678345,
  "edit_identity_angle_degrees": 27.133014678955078,
  "edit_identity_angle_radians": 0.4735604524612427,
  "edit_identity_cosine_distance": 0.11004984378814697,
  "edit_identity_cosine_similarity_raw": 0.889950156211853,
  "edit_identity_l2_embedding_distance": 0.4691479802131653,
  "edit_identity_similarity_score_pct": 88.9950180053711,
  "editor_num_inference_steps": 20,
  "face_id": "face_005",
  "fft_phase_enabled": 0,
  "fft_phase_grad_norm": 0.0,
  "fft_phase_max_abs": 0.0,
  "fft_phase_mean_abs": 0.0,
  "fft_phase_norm": 0.0,
  "fft_phase_num_at_max": 0,
  "fft_phase_num_at_min": 0,
  "fft_phase_num_clamped": 0,
  "fft_spatial_delta_mse": 0.0,
  "foldover_fraction": 0.0,
  "fraction_clamped_total": 0.41580756013745707,
  "identity_angle_degrees": 27.133014678955078,
  "identity_angle_radians": 0.4735604524612427,
  "identity_cosine_distance": 0.11004984378814697,
  "identity_cosine_similarity_raw": 0.889950156211853,
  "identity_l2_embedding_distance": 0.4691479802131653,
  "identity_similarity_score_pct": 88.9950180053711,
  "iter": 1225,
  "jacobian_det_min": 0.9398916363716125,
  "l2_to_original": 0.03020627424120903,
  "learning_rate": 0.05,
  "legacy_fft_strength_equivalent": 0.0,
  "loss": 0.889950156211853,
  "mse_to_original": 0.0009124190546572208,
  "num_at_max_total": 64,
  "num_at_min_total": 57,
  "num_clamped_total": 121,
  "num_total_params": 291,
  "original_embedding_norm": 0.9999999403953552,
  "peak_vram_gb": 5.326680660247803,
  "perturbed_edit_embedding_norm": 0.9999999403953552,
  "perturbed_embedding_norm": 0.9999999403953552,
  "prompt": "add black sunglasses",
  "psnr_to_original": 30.398056536386207,
  "rolling_enabled": 1,
  "rolling_grad_norm": 0.003105934476479888,
  "rolling_max_disp": 0.21097637712955475,
  "rolling_mean_disp": 0.06797540932893753,
  "rolling_num_at_max": 0,
  "rolling_num_at_min": 0,
  "rolling_p95_disp": 0.19383887946605682,
  "rolling_param_max": 0.0722220316529274,
  "rolling_param_mean_abs": 0.15313592553138733,
  "rolling_param_min": -0.23404981195926666,
  "seconds_elapsed": 8011.5776678957045,
  "seconds_iter": 5.653260290622711,
  "seed": 67119,
  "smoothness_tv": 0.024100149050354958,
  "ssim_to_original": 0.9931175708770752,
  "total_geometry_grad_norm": 0.0300834272056818,
  "total_grad_norm": 0.0300834272056818,
  "tps_enabled": 1,
  "tps_grad_norm": 0.003930891864001751,
  "tps_max_disp": 3.624376058578491,
  "tps_mean_disp": 0.8719903230667114,
  "tps_num_at_max": 0,
  "tps_num_at_min": 0,
  "tps_p95_disp": 2.460437536239624,
  "tps_param_max": 1.9835137128829956,
  "tps_param_mean_abs": 0.44212806224823,
  "tps_param_min": -3.3808951377868652
}
