{
  "Z": 0.88433837890625,
  "best_Z_so_far": 0.8819670677185059,
  "best_iter_so_far": 1199,
  "case_id": "face_002__add_black_sunglasses",
  "clean_edit_embedding_norm": 1.0,
  "combined_max_disp_px": 6.464656829833984,
  "combined_mean_disp_px": 1.1599476337432861,
  "combined_p95_disp_px": 2.979724645614624,
  "components_at_boundary": "dct",
  "dct_clipped_high_fraction": 3.306071084807627e-05,
  "dct_clipped_low_fraction": 0.0032018027268350124,
  "dct_coefficient_delta_l1": 0.00516258692368865,
  "dct_coefficient_delta_l2": 0.016804540529847145,
  "dct_dc_energy": 21.765647888183594,
  "dct_enabled": 1,
  "dct_frequency_mask_mode": "all_ac",
  "dct_gain_grad_norm": 0.007127107121050358,
  "dct_gain_l2": 6.146139144897461,
  "dct_gain_max": 0.5,
  "dct_gain_mean": 0.1421457827091217,
  "dct_gain_mean_abs": 0.4283600449562073,
  "dct_gain_min": -0.5,
  "dct_high_frequency_energy_after": 5.903501369175501e-05,
  "dct_high_frequency_energy_before": 3.971456317231059e-05,
  "dct_input_coefficient_energy": 0.34244483709335327,
  "dct_low_frequency_energy_after": 0.01718609407544136,
  "dct_low_frequency_energy_before": 0.015332348644733429,
  "dct_mid_frequency_energy_after": 0.0005307798273861408,
  "dct_mid_frequency_energy_before": 0.00045067252358421683,
  "dct_num_at_max": 78,
  "dct_num_at_min": 32,
  "dct_num_clamped": 110,
  "dct_output_coefficient_energy": 0.3427464962005615,
  "dct_relative_energy_change": 0.0008808983839116991,
  "dct_selected_frequency_count": 189,
  "dct_spatial_delta_l1": 0.009882060810923576,
  "dct_spatial_delta_l2": 0.01668458804488182,
  "dct_spatial_delta_max_abs": 0.24075627326965332,
  "dct_spatial_delta_mse": 0.00027837546076625586,
  "delaunay_enabled": 1,
  "delaunay_grad_norm": 0.0033988135401159525,
  "delaunay_max_disp": 5.278094291687012,
  "delaunay_mean_disp": 0.9962155818939209,
  "delaunay_num_at_max": 0,
  "delaunay_num_at_min": 0,
  "delaunay_p95_disp": 2.9559946060180664,
  "delaunay_param_max": 4.08508825302124,
  "delaunay_param_mean_abs": 0.8820104598999023,
  "delaunay_param_min": -4.4583001136779785,
  "edit_identity_angle_degrees": 27.829788208007812,
  "edit_identity_angle_radians": 0.4857214391231537,
  "edit_identity_cosine_distance": 0.11566162109375,
  "edit_identity_cosine_similarity_raw": 0.88433837890625,
  "edit_identity_l2_embedding_distance": 0.48096075654029846,
  "edit_identity_similarity_score_pct": 88.433837890625,
  "editor_num_inference_steps": 20,
  "face_id": "face_002",
  "fft_phase_enabled": 0,
  "fft_phase_grad_norm": 0.0,
  "fft_phase_max_abs": 0.0,
  "fft_phase_mean_abs": 0.0,
  "fft_phase_norm": 0.0,
  "fft_phase_num_at_max": 0,
  "fft_phase_num_at_min": 0,
  "fft_phase_num_clamped": 0,
  "fft_spatial_delta_mse": 0.0,
  "foldover_fraction": 0.0,
  "fraction_clamped_total": 0.37800687285223367,
  "identity_angle_degrees": 27.829788208007812,
  "identity_angle_radians": 0.4857214391231537,
  "identity_cosine_distance": 0.11566162109375,
  "identity_cosine_similarity_raw": 0.88433837890625,
  "identity_l2_embedding_distance": 0.48096075654029846,
  "identity_similarity_score_pct": 88.433837890625,
  "iter": 1500,
  "jacobian_det_min": 0.8529238700866699,
  "l2_to_original": 0.04018840193748474,
  "learning_rate": 0.05,
  "legacy_fft_strength_equivalent": 0.0,
  "loss": 0.88433837890625,
  "mse_to_original": 0.001615107525140047,
  "num_at_max_total": 78,
  "num_at_min_total": 32,
  "num_clamped_total": 110,
  "num_total_params": 291,
  "original_embedding_norm": 1.0,
  "peak_vram_gb": 5.323420524597168,
  "perturbed_edit_embedding_norm": 1.0,
  "perturbed_embedding_norm": 1.0,
  "prompt": "add black sunglasses",
  "psnr_to_original": 27.917985593882854,
  "rolling_enabled": 1,
  "rolling_grad_norm": 0.0012440318241715431,
  "rolling_max_disp": 0.8391015529632568,
  "rolling_mean_disp": 0.48301535844802856,
  "rolling_num_at_max": 0,
  "rolling_num_at_min": 0,
  "rolling_p95_disp": 0.834925651550293,
  "rolling_param_max": 1.2939860820770264,
  "rolling_param_mean_abs": 1.1383793354034424,
  "rolling_param_min": -0.9827725887298584,
  "seconds_elapsed": 10718.295012779534,
  "seconds_iter": 5.658718906342983,
  "seed": 250852,
  "smoothness_tv": 0.03357759863138199,
  "ssim_to_original": 0.9877021312713623,
  "total_geometry_grad_norm": 0.008944475091993809,
  "total_grad_norm": 0.008944475091993809,
  "tps_enabled": 1,
  "tps_grad_norm": 0.004013530444353819,
  "tps_max_disp": 3.011777877807617,
  "tps_mean_disp": 0.7331702709197998,
  "tps_num_at_max": 0,
  "tps_num_at_min": 0,
  "tps_p95_disp": 2.01041316986084,
  "tps_param_max": 1.63770592212677,
  "tps_param_mean_abs": 0.4069160223007202,
  "tps_param_min": -2.737760543823242
}
