{
  "Z": 0.883751392364502,
  "best_Z_so_far": 0.8822601437568665,
  "best_iter_so_far": 309,
  "case_id": "face_002__add_headphones",
  "clean_edit_embedding_norm": 1.0,
  "combined_max_disp_px": 2.9630789756774902,
  "combined_mean_disp_px": 0.6751452684402466,
  "combined_p95_disp_px": 1.593401551246643,
  "components_at_boundary": "dct",
  "dct_clipped_high_fraction": 2.543131631682627e-05,
  "dct_clipped_low_fraction": 0.0019709269981831312,
  "dct_coefficient_delta_l1": 0.005593044683337212,
  "dct_coefficient_delta_l2": 0.019321415573358536,
  "dct_dc_energy": 21.73908042907715,
  "dct_enabled": 1,
  "dct_frequency_mask_mode": "all_ac",
  "dct_gain_grad_norm": 0.014961360022425652,
  "dct_gain_l2": 6.284347057342529,
  "dct_gain_max": 0.5,
  "dct_gain_mean": -0.029350776225328445,
  "dct_gain_mean_abs": 0.4387812316417694,
  "dct_gain_min": -0.5,
  "dct_high_frequency_energy_after": 5.488695387612097e-05,
  "dct_high_frequency_energy_before": 5.32596095581539e-05,
  "dct_input_coefficient_energy": 0.34205174446105957,
  "dct_low_frequency_energy_after": 0.014394711703062057,
  "dct_low_frequency_energy_before": 0.015346932224929333,
  "dct_mid_frequency_energy_after": 0.0006117785233072937,
  "dct_mid_frequency_energy_before": 0.000485263008158654,
  "dct_num_at_max": 63,
  "dct_num_at_min": 75,
  "dct_num_clamped": 138,
  "dct_output_coefficient_energy": 0.34196993708610535,
  "dct_relative_energy_change": -0.00023916666395962238,
  "dct_selected_frequency_count": 189,
  "dct_spatial_delta_l1": 0.011175595223903656,
  "dct_spatial_delta_l2": 0.01922548934817314,
  "dct_spatial_delta_max_abs": 0.38112005591392517,
  "dct_spatial_delta_mse": 0.00036961943260394037,
  "delaunay_enabled": 1,
  "delaunay_grad_norm": 0.0026568223256617785,
  "delaunay_max_disp": 2.0351173877716064,
  "delaunay_mean_disp": 0.4556546211242676,
  "delaunay_num_at_max": 0,
  "delaunay_num_at_min": 0,
  "delaunay_p95_disp": 1.247205138206482,
  "delaunay_param_max": 1.8182755708694458,
  "delaunay_param_mean_abs": 0.4983956813812256,
  "delaunay_param_min": -1.650848150253296,
  "edit_identity_angle_degrees": 27.901742935180664,
  "edit_identity_angle_radians": 0.4869772791862488,
  "edit_identity_cosine_distance": 0.11624860763549805,
  "edit_identity_cosine_similarity_raw": 0.883751392364502,
  "edit_identity_l2_embedding_distance": 0.4821796417236328,
  "edit_identity_similarity_score_pct": 88.37513732910156,
  "editor_num_inference_steps": 20,
  "face_id": "face_002",
  "fft_phase_enabled": 0,
  "fft_phase_grad_norm": 0.0,
  "fft_phase_max_abs": 0.0,
  "fft_phase_mean_abs": 0.0,
  "fft_phase_norm": 0.0,
  "fft_phase_num_at_max": 0,
  "fft_phase_num_at_min": 0,
  "fft_phase_num_clamped": 0,
  "fft_spatial_delta_mse": 0.0,
  "foldover_fraction": 0.0,
  "fraction_clamped_total": 0.4742268041237113,
  "identity_angle_degrees": 27.901742935180664,
  "identity_angle_radians": 0.4869772791862488,
  "identity_cosine_distance": 0.11624860763549805,
  "identity_cosine_similarity_raw": 0.883751392364502,
  "identity_l2_embedding_distance": 0.4821796417236328,
  "identity_similarity_score_pct": 88.37513732910156,
  "iter": 925,
  "jacobian_det_min": 0.9664524793624878,
  "l2_to_original": 0.03105669654905796,
  "learning_rate": 0.05,
  "legacy_fft_strength_equivalent": 0.0,
  "loss": 0.883751392364502,
  "mse_to_original": 0.0009645183454267681,
  "num_at_max_total": 63,
  "num_at_min_total": 75,
  "num_clamped_total": 138,
  "num_total_params": 291,
  "original_embedding_norm": 1.0,
  "peak_vram_gb": 5.326680660247803,
  "perturbed_edit_embedding_norm": 1.0,
  "perturbed_embedding_norm": 1.0,
  "prompt": "add headphones",
  "psnr_to_original": 30.15689507530887,
  "rolling_enabled": 1,
  "rolling_grad_norm": 0.004469261504709721,
  "rolling_max_disp": 0.121026411652565,
  "rolling_mean_disp": 0.08374829590320587,
  "rolling_num_at_max": 0,
  "rolling_num_at_min": 0,
  "rolling_p95_disp": 0.12081082910299301,
  "rolling_param_max": 0.09126321971416473,
  "rolling_param_mean_abs": 0.08096617460250854,
  "rolling_param_min": 0.07066912204027176,
  "seconds_elapsed": 6726.992086483166,
  "seconds_iter": 6.439204677939415,
  "seed": 438717,
  "smoothness_tv": 0.013842721469700336,
  "ssim_to_original": 0.992637038230896,
  "total_geometry_grad_norm": 0.016196975484490395,
  "total_grad_norm": 0.016196975484490395,
  "tps_enabled": 1,
  "tps_grad_norm": 0.0033862495329231024,
  "tps_max_disp": 2.111891508102417,
  "tps_mean_disp": 0.6749874353408813,
  "tps_num_at_max": 0,
  "tps_num_at_min": 0,
  "tps_p95_disp": 1.702945351600647,
  "tps_param_max": 1.865568995475769,
  "tps_param_mean_abs": 0.3868770897388458,
  "tps_param_min": -2.0723843574523926
}
