{
  "Z": 0.8910652995109558,
  "best_Z_so_far": 0.8887110948562622,
  "best_iter_so_far": 1349,
  "case_id": "face_005__add_black_sunglasses",
  "clean_edit_embedding_norm": 0.9999999403953552,
  "combined_max_disp_px": 5.824656963348389,
  "combined_mean_disp_px": 1.0707911252975464,
  "combined_p95_disp_px": 3.037623643875122,
  "components_at_boundary": "dct",
  "dct_clipped_high_fraction": 0.008097331039607525,
  "dct_clipped_low_fraction": 0.0009066264028660953,
  "dct_coefficient_delta_l1": 0.004779785871505737,
  "dct_coefficient_delta_l2": 0.017800994217395782,
  "dct_dc_energy": 24.624792098999023,
  "dct_enabled": 1,
  "dct_frequency_mask_mode": "all_ac",
  "dct_gain_grad_norm": 0.010781955905258656,
  "dct_gain_l2": 6.297536849975586,
  "dct_gain_max": 0.5,
  "dct_gain_mean": 0.04162777587771416,
  "dct_gain_mean_abs": 0.444054514169693,
  "dct_gain_min": -0.5,
  "dct_high_frequency_energy_after": 3.010388172697276e-05,
  "dct_high_frequency_energy_before": 2.989279710163828e-05,
  "dct_input_coefficient_energy": 0.3868364691734314,
  "dct_low_frequency_energy_after": 0.01457992848008871,
  "dct_low_frequency_energy_before": 0.013880486600100994,
  "dct_mid_frequency_energy_after": 0.0003031354572158307,
  "dct_mid_frequency_energy_before": 0.00026847116532735527,
  "dct_num_at_max": 66,
  "dct_num_at_min": 54,
  "dct_num_clamped": 120,
  "dct_output_coefficient_energy": 0.38694894313812256,
  "dct_relative_energy_change": 0.0002907532616518438,
  "dct_selected_frequency_count": 189,
  "dct_spatial_delta_l1": 0.01027983520179987,
  "dct_spatial_delta_l2": 0.017688242718577385,
  "dct_spatial_delta_max_abs": 0.29910916090011597,
  "dct_spatial_delta_mse": 0.0003128739190287888,
  "delaunay_enabled": 1,
  "delaunay_grad_norm": 0.0050000096671283245,
  "delaunay_max_disp": 4.291810989379883,
  "delaunay_mean_disp": 0.7276926040649414,
  "delaunay_num_at_max": 0,
  "delaunay_num_at_min": 0,
  "delaunay_p95_disp": 2.297475576400757,
  "delaunay_param_max": 4.246215343475342,
  "delaunay_param_mean_abs": 0.6781442761421204,
  "delaunay_param_min": -1.3037019968032837,
  "edit_identity_angle_degrees": 26.99258041381836,
  "edit_identity_angle_radians": 0.47110939025878906,
  "edit_identity_cosine_distance": 0.10893470048904419,
  "edit_identity_cosine_similarity_raw": 0.8910652995109558,
  "edit_identity_l2_embedding_distance": 0.4667648375034332,
  "edit_identity_similarity_score_pct": 89.10652923583984,
  "editor_num_inference_steps": 20,
  "face_id": "face_005",
  "fft_phase_enabled": 0,
  "fft_phase_grad_norm": 0.0,
  "fft_phase_max_abs": 0.0,
  "fft_phase_mean_abs": 0.0,
  "fft_phase_norm": 0.0,
  "fft_phase_num_at_max": 0,
  "fft_phase_num_at_min": 0,
  "fft_phase_num_clamped": 0,
  "fft_spatial_delta_mse": 0.0,
  "foldover_fraction": 0.0,
  "fraction_clamped_total": 0.41237113402061853,
  "identity_angle_degrees": 26.99258041381836,
  "identity_angle_radians": 0.47110939025878906,
  "identity_cosine_distance": 0.10893470048904419,
  "identity_cosine_similarity_raw": 0.8910652995109558,
  "identity_l2_embedding_distance": 0.4667648375034332,
  "identity_similarity_score_pct": 89.10652923583984,
  "iter": 1625,
  "jacobian_det_min": 0.9352600574493408,
  "l2_to_original": 0.030901867896318436,
  "learning_rate": 0.05,
  "legacy_fft_strength_equivalent": 0.0,
  "loss": 0.8910652995109558,
  "mse_to_original": 0.000954925490077585,
  "num_at_max_total": 66,
  "num_at_min_total": 54,
  "num_clamped_total": 120,
  "num_total_params": 291,
  "original_embedding_norm": 0.9999999403953552,
  "peak_vram_gb": 5.326680660247803,
  "perturbed_edit_embedding_norm": 1.0,
  "perturbed_embedding_norm": 1.0,
  "prompt": "add black sunglasses",
  "psnr_to_original": 30.200305137676313,
  "rolling_enabled": 1,
  "rolling_grad_norm": 0.007095696404576302,
  "rolling_max_disp": 0.3004301190376282,
  "rolling_mean_disp": 0.10549873113632202,
  "rolling_num_at_max": 0,
  "rolling_num_at_min": 0,
  "rolling_p95_disp": 0.2781590521335602,
  "rolling_param_max": 0.0828295648097992,
  "rolling_param_mean_abs": 0.20491144061088562,
  "rolling_param_min": -0.32699331641197205,
  "seconds_elapsed": 10385.906892366707,
  "seconds_iter": 5.660895207896829,
  "seed": 67119,
  "smoothness_tv": 0.026571646332740784,
  "ssim_to_original": 0.9927940964698792,
  "total_geometry_grad_norm": 0.015034602954983711,
  "total_grad_norm": 0.015034602954983711,
  "tps_enabled": 1,
  "tps_grad_norm": 0.005868537351489067,
  "tps_max_disp": 4.0027947425842285,
  "tps_mean_disp": 0.9663752317428589,
  "tps_num_at_max": 0,
  "tps_num_at_min": 0,
  "tps_p95_disp": 2.6931135654449463,
  "tps_param_max": 2.1442437171936035,
  "tps_param_mean_abs": 0.48030757904052734,
  "tps_param_min": -3.7344813346862793
}
