{
  "Z": 0.8862395286560059,
  "best_Z_so_far": 0.8819670677185059,
  "best_iter_so_far": 1199,
  "case_id": "face_002__add_black_sunglasses",
  "clean_edit_embedding_norm": 1.0,
  "combined_max_disp_px": 6.5515241622924805,
  "combined_mean_disp_px": 1.2000068426132202,
  "combined_p95_disp_px": 3.1095221042633057,
  "components_at_boundary": "dct",
  "dct_clipped_high_fraction": 2.0345052689663135e-05,
  "dct_clipped_low_fraction": 0.0028050742112100124,
  "dct_coefficient_delta_l1": 0.005146032199263573,
  "dct_coefficient_delta_l2": 0.01594860479235649,
  "dct_dc_energy": 21.767759323120117,
  "dct_enabled": 1,
  "dct_frequency_mask_mode": "all_ac",
  "dct_gain_grad_norm": 0.008054030127823353,
  "dct_gain_l2": 6.247271537780762,
  "dct_gain_max": 0.5,
  "dct_gain_mean": 0.1573919951915741,
  "dct_gain_mean_abs": 0.43534794449806213,
  "dct_gain_min": -0.5,
  "dct_high_frequency_energy_after": 6.870783545309678e-05,
  "dct_high_frequency_energy_before": 4.102175444131717e-05,
  "dct_input_coefficient_energy": 0.3424929976463318,
  "dct_low_frequency_energy_after": 0.017611103132367134,
  "dct_low_frequency_energy_before": 0.015436654910445213,
  "dct_mid_frequency_energy_after": 0.0005601054872386158,
  "dct_mid_frequency_energy_before": 0.00045058512478135526,
  "dct_num_at_max": 89,
  "dct_num_at_min": 39,
  "dct_num_clamped": 128,
  "dct_output_coefficient_energy": 0.34285539388656616,
  "dct_relative_energy_change": 0.0010581128299236298,
  "dct_selected_frequency_count": 189,
  "dct_spatial_delta_l1": 0.009508755058050156,
  "dct_spatial_delta_l2": 0.015860402956604958,
  "dct_spatial_delta_max_abs": 0.25527292490005493,
  "dct_spatial_delta_mse": 0.000251552410190925,
  "delaunay_enabled": 1,
  "delaunay_grad_norm": 0.003239178331568837,
  "delaunay_max_disp": 5.440387725830078,
  "delaunay_mean_disp": 1.066047191619873,
  "delaunay_num_at_max": 0,
  "delaunay_num_at_min": 0,
  "delaunay_p95_disp": 3.1646549701690674,
  "delaunay_param_max": 4.399265289306641,
  "delaunay_param_mean_abs": 0.9369305372238159,
  "delaunay_param_min": -4.167977333068848,
  "edit_identity_angle_degrees": 27.59555435180664,
  "edit_identity_angle_radians": 0.4816332757472992,
  "edit_identity_cosine_distance": 0.11376047134399414,
  "edit_identity_cosine_similarity_raw": 0.8862395286560059,
  "edit_identity_l2_embedding_distance": 0.4769916236400604,
  "edit_identity_similarity_score_pct": 88.62395477294922,
  "editor_num_inference_steps": 20,
  "face_id": "face_002",
  "fft_phase_enabled": 0,
  "fft_phase_grad_norm": 0.0,
  "fft_phase_max_abs": 0.0,
  "fft_phase_mean_abs": 0.0,
  "fft_phase_norm": 0.0,
  "fft_phase_num_at_max": 0,
  "fft_phase_num_at_min": 0,
  "fft_phase_num_clamped": 0,
  "fft_spatial_delta_mse": 0.0,
  "foldover_fraction": 0.0,
  "fraction_clamped_total": 0.43986254295532645,
  "identity_angle_degrees": 27.59555435180664,
  "identity_angle_radians": 0.4816332757472992,
  "identity_cosine_distance": 0.11376047134399414,
  "identity_cosine_similarity_raw": 0.8862395286560059,
  "identity_l2_embedding_distance": 0.4769916236400604,
  "identity_similarity_score_pct": 88.62395477294922,
  "iter": 1700,
  "jacobian_det_min": 0.8447059392929077,
  "l2_to_original": 0.04225583001971245,
  "learning_rate": 0.05,
  "legacy_fft_strength_equivalent": 0.0,
  "loss": 0.8862395286560059,
  "mse_to_original": 0.0017855552723631263,
  "num_at_max_total": 89,
  "num_at_min_total": 39,
  "num_clamped_total": 128,
  "num_total_params": 291,
  "original_embedding_norm": 1.0,
  "peak_vram_gb": 5.323420524597168,
  "perturbed_edit_embedding_norm": 1.0,
  "perturbed_embedding_norm": 1.0,
  "prompt": "add black sunglasses",
  "psnr_to_original": 27.482267015558975,
  "rolling_enabled": 1,
  "rolling_grad_norm": 0.0028145054820924997,
  "rolling_max_disp": 0.8554983735084534,
  "rolling_mean_disp": 0.47942546010017395,
  "rolling_num_at_max": 0,
  "rolling_num_at_min": 0,
  "rolling_p95_disp": 0.8514732718467712,
  "rolling_param_max": 1.1577277183532715,
  "rolling_param_mean_abs": 0.899057149887085,
  "rolling_param_min": -0.6403865814208984,
  "seconds_elapsed": 12123.099742751569,
  "seconds_iter": 7.042991818860173,
  "seed": 250852,
  "smoothness_tv": 0.035725902765989304,
  "ssim_to_original": 0.9864126443862915,
  "total_geometry_grad_norm": 0.009890254586935043,
  "total_grad_norm": 0.009890254586935043,
  "tps_enabled": 1,
  "tps_grad_norm": 0.003812613897025585,
  "tps_max_disp": 3.469222068786621,
  "tps_mean_disp": 0.8236962556838989,
  "tps_num_at_max": 0,
  "tps_num_at_min": 0,
  "tps_p95_disp": 2.2852327823638916,
  "tps_param_max": 1.9552627801895142,
  "tps_param_mean_abs": 0.4434913396835327,
  "tps_param_min": -3.0842738151550293
}
