{
  "Z": 0.8845418691635132,
  "best_Z_so_far": 0.8822601437568665,
  "best_iter_so_far": 309,
  "case_id": "face_002__add_headphones",
  "clean_edit_embedding_norm": 1.0,
  "combined_max_disp_px": 2.953916549682617,
  "combined_mean_disp_px": 0.6707492470741272,
  "combined_p95_disp_px": 1.5518258810043335,
  "components_at_boundary": "dct",
  "dct_clipped_high_fraction": 2.288818359375e-05,
  "dct_clipped_low_fraction": 0.0020421347580850124,
  "dct_coefficient_delta_l1": 0.005573236849159002,
  "dct_coefficient_delta_l2": 0.019427265971899033,
  "dct_dc_energy": 21.740564346313477,
  "dct_enabled": 1,
  "dct_frequency_mask_mode": "all_ac",
  "dct_gain_grad_norm": 0.007135034538805485,
  "dct_gain_l2": 6.239925384521484,
  "dct_gain_max": 0.5,
  "dct_gain_mean": -0.029493940994143486,
  "dct_gain_mean_abs": 0.4344835579395294,
  "dct_gain_min": -0.5,
  "dct_high_frequency_energy_after": 5.482442065840587e-05,
  "dct_high_frequency_energy_before": 5.374323154683225e-05,
  "dct_input_coefficient_energy": 0.34207814931869507,
  "dct_low_frequency_energy_after": 0.014525092206895351,
  "dct_low_frequency_energy_before": 0.015359388664364815,
  "dct_mid_frequency_energy_after": 0.0006081942701712251,
  "dct_mid_frequency_energy_before": 0.0004883338697254658,
  "dct_num_at_max": 63,
  "dct_num_at_min": 72,
  "dct_num_clamped": 135,
  "dct_output_coefficient_energy": 0.342009961605072,
  "dct_relative_energy_change": -0.00019933373550884426,
  "dct_selected_frequency_count": 189,
  "dct_spatial_delta_l1": 0.011205925606191158,
  "dct_spatial_delta_l2": 0.019325869157910347,
  "dct_spatial_delta_max_abs": 0.38721776008605957,
  "dct_spatial_delta_mse": 0.00037348922342061996,
  "delaunay_enabled": 1,
  "delaunay_grad_norm": 0.0030296379700303078,
  "delaunay_max_disp": 2.0437850952148438,
  "delaunay_mean_disp": 0.42760661244392395,
  "delaunay_num_at_max": 0,
  "delaunay_num_at_min": 0,
  "delaunay_p95_disp": 1.1991099119186401,
  "delaunay_param_max": 1.7874399423599243,
  "delaunay_param_mean_abs": 0.4802016019821167,
  "delaunay_param_min": -1.7448385953903198,
  "edit_identity_angle_degrees": 27.8048038482666,
  "edit_identity_angle_radians": 0.48528537154197693,
  "edit_identity_cosine_distance": 0.11545813083648682,
  "edit_identity_cosine_similarity_raw": 0.8845418691635132,
  "edit_identity_l2_embedding_distance": 0.4805375635623932,
  "edit_identity_similarity_score_pct": 88.45418548583984,
  "editor_num_inference_steps": 20,
  "face_id": "face_002",
  "fft_phase_enabled": 0,
  "fft_phase_grad_norm": 0.0,
  "fft_phase_max_abs": 0.0,
  "fft_phase_mean_abs": 0.0,
  "fft_phase_norm": 0.0,
  "fft_phase_num_at_max": 0,
  "fft_phase_num_at_min": 0,
  "fft_phase_num_clamped": 0,
  "fft_spatial_delta_mse": 0.0,
  "foldover_fraction": 0.0,
  "fraction_clamped_total": 0.4639175257731959,
  "identity_angle_degrees": 27.8048038482666,
  "identity_angle_radians": 0.48528537154197693,
  "identity_cosine_distance": 0.11545813083648682,
  "identity_cosine_similarity_raw": 0.8845418691635132,
  "identity_l2_embedding_distance": 0.4805375635623932,
  "identity_similarity_score_pct": 88.45418548583984,
  "iter": 1375,
  "jacobian_det_min": 0.9634763598442078,
  "l2_to_original": 0.030970929190516472,
  "learning_rate": 0.05,
  "legacy_fft_strength_equivalent": 0.0,
  "loss": 0.8845418691635132,
  "mse_to_original": 0.0009591983980499208,
  "num_at_max_total": 63,
  "num_at_min_total": 72,
  "num_clamped_total": 135,
  "num_total_params": 291,
  "original_embedding_norm": 1.0,
  "peak_vram_gb": 5.326680660247803,
  "perturbed_edit_embedding_norm": 1.0,
  "perturbed_embedding_norm": 1.0,
  "prompt": "add headphones",
  "psnr_to_original": 30.180915552205718,
  "rolling_enabled": 1,
  "rolling_grad_norm": 0.000555281585548073,
  "rolling_max_disp": 0.2393476366996765,
  "rolling_mean_disp": 0.15659815073013306,
  "rolling_num_at_max": 0,
  "rolling_num_at_min": 0,
  "rolling_p95_disp": 0.23865291476249695,
  "rolling_param_max": 0.2006005495786667,
  "rolling_param_mean_abs": 0.1371442824602127,
  "rolling_param_min": 0.07368800789117813,
  "seconds_elapsed": 9980.093061899766,
  "seconds_iter": 8.356635734438896,
  "seed": 438717,
  "smoothness_tv": 0.013875076547265053,
  "ssim_to_original": 0.9926784038543701,
  "total_geometry_grad_norm": 0.008643927052617073,
  "total_grad_norm": 0.008643927052617073,
  "tps_enabled": 1,
  "tps_grad_norm": 0.0037844046019017696,
  "tps_max_disp": 2.130938768386841,
  "tps_mean_disp": 0.6996576189994812,
  "tps_num_at_max": 0,
  "tps_num_at_min": 0,
  "tps_p95_disp": 1.7817755937576294,
  "tps_param_max": 1.888615369796753,
  "tps_param_mean_abs": 0.4050867259502411,
  "tps_param_min": -2.0041823387145996
}
