{
  "elapsed_seconds": 2466.850268099457,
  "final_Z": 0.9853348731994629,
  "status": "done"
}
