{
  "Z": 0.8924207091331482,
  "best_Z_so_far": 0.8911007046699524,
  "best_iter_so_far": 64,
  "case_id": "face_005__add_black_sunglasses",
  "clean_edit_embedding_norm": 0.9999999403953552,
  "combined_max_disp_px": 2.1089766025543213,
  "combined_mean_disp_px": 0.6028801798820496,
  "combined_p95_disp_px": 1.4948304891586304,
  "components_at_boundary": "dct",
  "dct_clipped_high_fraction": 0.008050283417105675,
  "dct_clipped_low_fraction": 0.000881195068359375,
  "dct_coefficient_delta_l1": 0.0037722233682870865,
  "dct_coefficient_delta_l2": 0.012208682484924793,
  "dct_dc_energy": 24.648523330688477,
  "dct_enabled": 1,
  "dct_frequency_mask_mode": "all_ac",
  "dct_gain_grad_norm": 0.004534912761300802,
  "dct_gain_l2": 5.621964454650879,
  "dct_gain_max": 0.5,
  "dct_gain_mean": 0.09861548990011215,
  "dct_gain_mean_abs": 0.379773885011673,
  "dct_gain_min": -0.5,
  "dct_high_frequency_energy_after": 5.4667525546392426e-05,
  "dct_high_frequency_energy_before": 3.8644462620140985e-05,
  "dct_input_coefficient_energy": 0.3872247636318207,
  "dct_low_frequency_energy_after": 0.015736393630504608,
  "dct_low_frequency_energy_before": 0.013915407471358776,
  "dct_mid_frequency_energy_after": 0.00030747271375730634,
  "dct_mid_frequency_energy_before": 0.000290046475129202,
  "dct_num_at_max": 64,
  "dct_num_at_min": 24,
  "dct_num_clamped": 88,
  "dct_output_coefficient_energy": 0.3874949812889099,
  "dct_relative_energy_change": 0.0006978315650485456,
  "dct_selected_frequency_count": 189,
  "dct_spatial_delta_l1": 0.006976935546845198,
  "dct_spatial_delta_l2": 0.012098384089767933,
  "dct_spatial_delta_max_abs": 0.2357090711593628,
  "dct_spatial_delta_mse": 0.0001463709049858153,
  "delaunay_enabled": 1,
  "delaunay_grad_norm": 0.0022345411125570536,
  "delaunay_max_disp": 1.2239654064178467,
  "delaunay_mean_disp": 0.2930194139480591,
  "delaunay_num_at_max": 0,
  "delaunay_num_at_min": 0,
  "delaunay_p95_disp": 0.8619304895401001,
  "delaunay_param_max": 1.0813415050506592,
  "delaunay_param_mean_abs": 0.38780105113983154,
  "delaunay_param_min": -0.7878994345664978,
  "edit_identity_angle_degrees": 26.820974349975586,
  "edit_identity_angle_radians": 0.46811431646347046,
  "edit_identity_cosine_distance": 0.1075792908668518,
  "edit_identity_cosine_similarity_raw": 0.8924207091331482,
  "edit_identity_l2_embedding_distance": 0.46385207772254944,
  "edit_identity_similarity_score_pct": 89.24207305908203,
  "editor_num_inference_steps": 20,
  "face_id": "face_005",
  "fft_phase_enabled": 0,
  "fft_phase_grad_norm": 0.0,
  "fft_phase_max_abs": 0.0,
  "fft_phase_mean_abs": 0.0,
  "fft_phase_norm": 0.0,
  "fft_phase_num_at_max": 0,
  "fft_phase_num_at_min": 0,
  "fft_phase_num_clamped": 0,
  "fft_spatial_delta_mse": 0.0,
  "foldover_fraction": 0.0,
  "fraction_clamped_total": 0.3024054982817869,
  "identity_angle_degrees": 26.820974349975586,
  "identity_angle_radians": 0.46811431646347046,
  "identity_cosine_distance": 0.1075792908668518,
  "identity_cosine_similarity_raw": 0.8924207091331482,
  "identity_l2_embedding_distance": 0.46385207772254944,
  "identity_similarity_score_pct": 89.24207305908203,
  "iter": 75,
  "jacobian_det_min": 0.9653885960578918,
  "l2_to_original": 0.01923527382314205,
  "learning_rate": 0.05,
  "legacy_fft_strength_equivalent": 0.0,
  "loss": 0.8924207091331482,
  "mse_to_original": 0.0003699957742355764,
  "num_at_max_total": 64,
  "num_at_min_total": 24,
  "num_clamped_total": 88,
  "num_total_params": 291,
  "original_embedding_norm": 0.9999999403953552,
  "peak_vram_gb": 5.326680660247803,
  "perturbed_edit_embedding_norm": 1.0,
  "perturbed_embedding_norm": 1.0,
  "prompt": "add black sunglasses",
  "psnr_to_original": 34.31803236032062,
  "rolling_enabled": 1,
  "rolling_grad_norm": 0.0010891328565776348,
  "rolling_max_disp": 0.15405479073524475,
  "rolling_mean_disp": 0.09882833063602448,
  "rolling_num_at_max": 0,
  "rolling_num_at_min": 0,
  "rolling_p95_disp": 0.15358735620975494,
  "rolling_param_max": 0.13333645462989807,
  "rolling_param_mean_abs": 0.0854899138212204,
  "rolling_param_min": 0.037643373012542725,
  "seconds_elapsed": 557.8787986021489,
  "seconds_iter": 6.793502209708095,
  "seed": 67119,
  "smoothness_tv": 0.01033819280564785,
  "ssim_to_original": 0.9972096085548401,
  "total_geometry_grad_norm": 0.005766541697084904,
  "total_grad_norm": 0.005766541697084904,
  "tps_enabled": 1,
  "tps_grad_norm": 0.002551114885136485,
  "tps_max_disp": 1.4939920902252197,
  "tps_mean_disp": 0.34594714641571045,
  "tps_num_at_max": 0,
  "tps_num_at_min": 0,
  "tps_p95_disp": 1.0808546543121338,
  "tps_param_max": 1.0325921773910522,
  "tps_param_mean_abs": 0.22398978471755981,
  "tps_param_min": -1.0555334091186523
}
