{
  "Z": 0.8844696879386902,
  "best_Z_so_far": 0.8822601437568665,
  "best_iter_so_far": 309,
  "case_id": "face_002__add_headphones",
  "clean_edit_embedding_norm": 1.0,
  "combined_max_disp_px": 2.9916679859161377,
  "combined_mean_disp_px": 0.6818668842315674,
  "combined_p95_disp_px": 1.580457329750061,
  "components_at_boundary": "dct",
  "dct_clipped_high_fraction": 2.543131631682627e-05,
  "dct_clipped_low_fraction": 0.0020319621544331312,
  "dct_coefficient_delta_l1": 0.005538064055144787,
  "dct_coefficient_delta_l2": 0.019261769950389862,
  "dct_dc_energy": 21.741249084472656,
  "dct_enabled": 1,
  "dct_frequency_mask_mode": "all_ac",
  "dct_gain_grad_norm": 0.006709609180688858,
  "dct_gain_l2": 6.2391676902771,
  "dct_gain_max": 0.5,
  "dct_gain_mean": -0.024136023595929146,
  "dct_gain_mean_abs": 0.4334885776042938,
  "dct_gain_min": -0.5,
  "dct_high_frequency_energy_after": 5.773988232249394e-05,
  "dct_high_frequency_energy_before": 5.404628973337822e-05,
  "dct_input_coefficient_energy": 0.342090368270874,
  "dct_low_frequency_energy_after": 0.014505933038890362,
  "dct_low_frequency_energy_before": 0.015363327227532864,
  "dct_mid_frequency_energy_after": 0.0006085417116992176,
  "dct_mid_frequency_energy_before": 0.0004904172383248806,
  "dct_num_at_max": 65,
  "dct_num_at_min": 74,
  "dct_num_clamped": 139,
  "dct_output_coefficient_energy": 0.3420194089412689,
  "dct_relative_energy_change": -0.00020742861670441926,
  "dct_selected_frequency_count": 189,
  "dct_spatial_delta_l1": 0.011126800440251827,
  "dct_spatial_delta_l2": 0.019163290038704872,
  "dct_spatial_delta_max_abs": 0.3807314336299896,
  "dct_spatial_delta_mse": 0.00036723166704177856,
  "delaunay_enabled": 1,
  "delaunay_grad_norm": 0.0038583981804549694,
  "delaunay_max_disp": 2.034377336502075,
  "delaunay_mean_disp": 0.4138001799583435,
  "delaunay_num_at_max": 0,
  "delaunay_num_at_min": 0,
  "delaunay_p95_disp": 1.1801881790161133,
  "delaunay_param_max": 1.7587002515792847,
  "delaunay_param_mean_abs": 0.4762051999568939,
  "delaunay_param_min": -1.7906759977340698,
  "edit_identity_angle_degrees": 27.81366729736328,
  "edit_identity_angle_radians": 0.48544007539749146,
  "edit_identity_cosine_distance": 0.11553031206130981,
  "edit_identity_cosine_similarity_raw": 0.8844696879386902,
  "edit_identity_l2_embedding_distance": 0.48068767786026,
  "edit_identity_similarity_score_pct": 88.44696807861328,
  "editor_num_inference_steps": 20,
  "face_id": "face_002",
  "fft_phase_enabled": 0,
  "fft_phase_grad_norm": 0.0,
  "fft_phase_max_abs": 0.0,
  "fft_phase_mean_abs": 0.0,
  "fft_phase_norm": 0.0,
  "fft_phase_num_at_max": 0,
  "fft_phase_num_at_min": 0,
  "fft_phase_num_clamped": 0,
  "fft_spatial_delta_mse": 0.0,
  "foldover_fraction": 0.0,
  "fraction_clamped_total": 0.47766323024054985,
  "identity_angle_degrees": 27.81366729736328,
  "identity_angle_radians": 0.48544007539749146,
  "identity_cosine_distance": 0.11553031206130981,
  "identity_cosine_similarity_raw": 0.8844696879386902,
  "identity_l2_embedding_distance": 0.48068767786026,
  "identity_similarity_score_pct": 88.44696807861328,
  "iter": 1700,
  "jacobian_det_min": 0.9621858596801758,
  "l2_to_original": 0.03106120601296425,
  "learning_rate": 0.05,
  "legacy_fft_strength_equivalent": 0.0,
  "loss": 0.8844696879386902,
  "mse_to_original": 0.0009647984988987446,
  "num_at_max_total": 65,
  "num_at_min_total": 74,
  "num_clamped_total": 139,
  "num_total_params": 291,
  "original_embedding_norm": 1.0,
  "peak_vram_gb": 5.326680660247803,
  "perturbed_edit_embedding_norm": 1.0,
  "perturbed_embedding_norm": 1.0,
  "prompt": "add headphones",
  "psnr_to_original": 30.155633809092507,
  "rolling_enabled": 1,
  "rolling_grad_norm": 0.0030737342312932014,
  "rolling_max_disp": 0.25733816623687744,
  "rolling_mean_disp": 0.16774100065231323,
  "rolling_num_at_max": 0,
  "rolling_num_at_min": 0,
  "rolling_p95_disp": 0.25654637813568115,
  "rolling_param_max": 0.21956701576709747,
  "rolling_param_mean_abs": 0.14665591716766357,
  "rolling_param_min": 0.07374480366706848,
  "seconds_elapsed": 12423.7328653913,
  "seconds_iter": 6.7631985023617744,
  "seed": 438717,
  "smoothness_tv": 0.014048208482563496,
  "ssim_to_original": 0.9926357269287109,
  "total_geometry_grad_norm": 0.009487185627222061,
  "total_grad_norm": 0.009487185627222061,
  "tps_enabled": 1,
  "tps_grad_norm": 0.004544530529528856,
  "tps_max_disp": 2.194871664047241,
  "tps_mean_disp": 0.7329174280166626,
  "tps_num_at_max": 0,
  "tps_num_at_min": 0,
  "tps_p95_disp": 1.8418357372283936,
  "tps_param_max": 1.9247393608093262,
  "tps_param_mean_abs": 0.4154873490333557,
  "tps_param_min": -1.9901797771453857
}
