{
  "Z": 0.8899738192558289,
  "best_Z_so_far": 0.8898897767066956,
  "best_iter_so_far": 1019,
  "case_id": "face_005__add_black_sunglasses",
  "clean_edit_embedding_norm": 0.9999999403953552,
  "combined_max_disp_px": 3.896113872528076,
  "combined_mean_disp_px": 1.0393590927124023,
  "combined_p95_disp_px": 2.5949387550354004,
  "components_at_boundary": "dct",
  "dct_clipped_high_fraction": 0.008485158905386925,
  "dct_clipped_low_fraction": 0.000858306884765625,
  "dct_coefficient_delta_l1": 0.004708569031208754,
  "dct_coefficient_delta_l2": 0.017941391095519066,
  "dct_dc_energy": 24.630762100219727,
  "dct_enabled": 1,
  "dct_frequency_mask_mode": "all_ac",
  "dct_gain_grad_norm": 0.010361194610595703,
  "dct_gain_l2": 6.00824499130249,
  "dct_gain_max": 0.5,
  "dct_gain_mean": 0.05375579744577408,
  "dct_gain_mean_abs": 0.4125504493713379,
  "dct_gain_min": -0.5,
  "dct_high_frequency_energy_after": 3.0527316994266585e-05,
  "dct_high_frequency_energy_before": 2.983383456012234e-05,
  "dct_input_coefficient_energy": 0.3869190216064453,
  "dct_low_frequency_energy_after": 0.014420370571315289,
  "dct_low_frequency_energy_before": 0.013807523995637894,
  "dct_mid_frequency_energy_after": 0.00030251292628236115,
  "dct_mid_frequency_energy_before": 0.0002673384442459792,
  "dct_num_at_max": 61,
  "dct_num_at_min": 45,
  "dct_num_clamped": 106,
  "dct_output_coefficient_energy": 0.3870198130607605,
  "dct_relative_energy_change": 0.000260497530689463,
  "dct_selected_frequency_count": 189,
  "dct_spatial_delta_l1": 0.010380798950791359,
  "dct_spatial_delta_l2": 0.01782248355448246,
  "dct_spatial_delta_max_abs": 0.3069153428077698,
  "dct_spatial_delta_mse": 0.00031764095183461905,
  "delaunay_enabled": 1,
  "delaunay_grad_norm": 0.004064083099365234,
  "delaunay_max_disp": 3.488036870956421,
  "delaunay_mean_disp": 0.5893236398696899,
  "delaunay_num_at_max": 0,
  "delaunay_num_at_min": 0,
  "delaunay_p95_disp": 1.8559908866882324,
  "delaunay_param_max": 3.3909480571746826,
  "delaunay_param_mean_abs": 0.5808144807815552,
  "delaunay_param_min": -1.5162729024887085,
  "edit_identity_angle_degrees": 27.130043029785156,
  "edit_identity_angle_radians": 0.4735085666179657,
  "edit_identity_cosine_distance": 0.11002618074417114,
  "edit_identity_cosine_similarity_raw": 0.8899738192558289,
  "edit_identity_l2_embedding_distance": 0.4690975248813629,
  "edit_identity_similarity_score_pct": 88.99738311767578,
  "editor_num_inference_steps": 20,
  "face_id": "face_005",
  "fft_phase_enabled": 0,
  "fft_phase_grad_norm": 0.0,
  "fft_phase_max_abs": 0.0,
  "fft_phase_mean_abs": 0.0,
  "fft_phase_norm": 0.0,
  "fft_phase_num_at_max": 0,
  "fft_phase_num_at_min": 0,
  "fft_phase_num_clamped": 0,
  "fft_spatial_delta_mse": 0.0,
  "foldover_fraction": 0.0,
  "fraction_clamped_total": 0.3642611683848797,
  "identity_angle_degrees": 27.130043029785156,
  "identity_angle_radians": 0.4735085666179657,
  "identity_cosine_distance": 0.11002618074417114,
  "identity_cosine_similarity_raw": 0.8899738192558289,
  "identity_l2_embedding_distance": 0.4690975248813629,
  "identity_similarity_score_pct": 88.99738311767578,
  "iter": 1025,
  "jacobian_det_min": 0.9421989321708679,
  "l2_to_original": 0.030653532594442368,
  "learning_rate": 0.05,
  "legacy_fft_strength_equivalent": 0.0,
  "loss": 0.8899738192558289,
  "mse_to_original": 0.0009396390523761511,
  "num_at_max_total": 61,
  "num_at_min_total": 45,
  "num_clamped_total": 106,
  "num_total_params": 291,
  "original_embedding_norm": 0.9999999403953552,
  "peak_vram_gb": 5.326680660247803,
  "perturbed_edit_embedding_norm": 1.0,
  "perturbed_embedding_norm": 1.0,
  "prompt": "add black sunglasses",
  "psnr_to_original": 30.27038941789046,
  "rolling_enabled": 1,
  "rolling_grad_norm": 0.002074894728139043,
  "rolling_max_disp": 0.13436320424079895,
  "rolling_mean_disp": 0.08730390667915344,
  "rolling_num_at_max": 0,
  "rolling_num_at_min": 0,
  "rolling_p95_disp": 0.1339937448501587,
  "rolling_param_max": 0.1130760982632637,
  "rolling_param_mean_abs": 0.07521086931228638,
  "rolling_param_min": 0.03734564781188965,
  "seconds_elapsed": 6809.156853405759,
  "seconds_iter": 5.808265842497349,
  "seed": 67119,
  "smoothness_tv": 0.022351905703544617,
  "ssim_to_original": 0.9929083585739136,
  "total_geometry_grad_norm": 0.012234937399625778,
  "total_grad_norm": 0.012234937399625778,
  "tps_enabled": 1,
  "tps_grad_norm": 0.00463868398219347,
  "tps_max_disp": 3.0558221340179443,
  "tps_mean_disp": 0.7663432955741882,
  "tps_num_at_max": 0,
  "tps_num_at_min": 0,
  "tps_p95_disp": 2.2989144325256348,
  "tps_param_max": 2.2370212078094482,
  "tps_param_mean_abs": 0.3958488404750824,
  "tps_param_min": -2.8110647201538086
}
