{
  "Z": 0.8844498991966248,
  "best_Z_so_far": 0.8822601437568665,
  "best_iter_so_far": 309,
  "case_id": "face_002__add_headphones",
  "clean_edit_embedding_norm": 1.0,
  "combined_max_disp_px": 2.982529401779175,
  "combined_mean_disp_px": 0.6769499778747559,
  "combined_p95_disp_px": 1.5988011360168457,
  "components_at_boundary": "dct",
  "dct_clipped_high_fraction": 2.4159749955288135e-05,
  "dct_clipped_low_fraction": 0.0020345053635537624,
  "dct_coefficient_delta_l1": 0.0056174094788730145,
  "dct_coefficient_delta_l2": 0.019312184303998947,
  "dct_dc_energy": 21.73996925354004,
  "dct_enabled": 1,
  "dct_frequency_mask_mode": "all_ac",
  "dct_gain_grad_norm": 0.008269721642136574,
  "dct_gain_l2": 6.274871349334717,
  "dct_gain_max": 0.5,
  "dct_gain_mean": -0.03307785093784332,
  "dct_gain_mean_abs": 0.43899744749069214,
  "dct_gain_min": -0.5,
  "dct_high_frequency_energy_after": 5.470748510560952e-05,
  "dct_high_frequency_energy_before": 5.3721596486866474e-05,
  "dct_input_coefficient_energy": 0.3420678377151489,
  "dct_low_frequency_energy_after": 0.014574084430932999,
  "dct_low_frequency_energy_before": 0.015351266600191593,
  "dct_mid_frequency_energy_after": 0.00061319291125983,
  "dct_mid_frequency_energy_before": 0.0004886138485744596,
  "dct_num_at_max": 57,
  "dct_num_at_min": 74,
  "dct_num_clamped": 131,
  "dct_output_coefficient_energy": 0.34200960397720337,
  "dct_relative_energy_change": -0.00017024032422341406,
  "dct_selected_frequency_count": 189,
  "dct_spatial_delta_l1": 0.01114022545516491,
  "dct_spatial_delta_l2": 0.01921200565993786,
  "dct_spatial_delta_max_abs": 0.3815654218196869,
  "dct_spatial_delta_mse": 0.0003691011806949973,
  "delaunay_enabled": 1,
  "delaunay_grad_norm": 0.003252710448578,
  "delaunay_max_disp": 2.022895097732544,
  "delaunay_mean_disp": 0.452049195766449,
  "delaunay_num_at_max": 0,
  "delaunay_num_at_min": 0,
  "delaunay_p95_disp": 1.242099404335022,
  "delaunay_param_max": 1.8342297077178955,
  "delaunay_param_mean_abs": 0.49732840061187744,
  "delaunay_param_min": -1.6506630182266235,
  "edit_identity_angle_degrees": 27.816097259521484,
  "edit_identity_angle_radians": 0.48548248410224915,
  "edit_identity_cosine_distance": 0.11555010080337524,
  "edit_identity_cosine_similarity_raw": 0.8844498991966248,
  "edit_identity_l2_embedding_distance": 0.4807288646697998,
  "edit_identity_similarity_score_pct": 88.44499206542969,
  "editor_num_inference_steps": 20,
  "face_id": "face_002",
  "fft_phase_enabled": 0,
  "fft_phase_grad_norm": 0.0,
  "fft_phase_max_abs": 0.0,
  "fft_phase_mean_abs": 0.0,
  "fft_phase_norm": 0.0,
  "fft_phase_num_at_max": 0,
  "fft_phase_num_at_min": 0,
  "fft_phase_num_clamped": 0,
  "fft_spatial_delta_mse": 0.0,
  "foldover_fraction": 0.0,
  "fraction_clamped_total": 0.45017182130584193,
  "identity_angle_degrees": 27.816097259521484,
  "identity_angle_radians": 0.48548248410224915,
  "identity_cosine_distance": 0.11555010080337524,
  "identity_cosine_similarity_raw": 0.8844498991966248,
  "identity_l2_embedding_distance": 0.4807288646697998,
  "identity_similarity_score_pct": 88.44499206542969,
  "iter": 950,
  "jacobian_det_min": 0.9664326906204224,
  "l2_to_original": 0.031089309602975845,
  "learning_rate": 0.05,
  "legacy_fft_strength_equivalent": 0.0,
  "loss": 0.8844498991966248,
  "mse_to_original": 0.0009665451943874359,
  "num_at_max_total": 57,
  "num_at_min_total": 74,
  "num_clamped_total": 131,
  "num_total_params": 291,
  "original_embedding_norm": 1.0,
  "peak_vram_gb": 5.326680660247803,
  "perturbed_edit_embedding_norm": 1.0,
  "perturbed_embedding_norm": 1.0,
  "prompt": "add headphones",
  "psnr_to_original": 30.14777834119456,
  "rolling_enabled": 1,
  "rolling_grad_norm": 0.003940823022276163,
  "rolling_max_disp": 0.11619926989078522,
  "rolling_mean_disp": 0.07951927185058594,
  "rolling_num_at_max": 0,
  "rolling_num_at_min": 0,
  "rolling_p95_disp": 0.11593221127986908,
  "rolling_param_max": 0.07492256909608841,
  "rolling_param_mean_abs": 0.07200489938259125,
  "rolling_param_min": 0.06908723711967468,
  "seconds_elapsed": 6911.136384651065,
  "seconds_iter": 6.09365639090538,
  "seed": 438717,
  "smoothness_tv": 0.0138550428673625,
  "ssim_to_original": 0.9926230311393738,
  "total_geometry_grad_norm": 0.010467330925166607,
  "total_grad_norm": 0.010467330925166607,
  "tps_enabled": 1,
  "tps_grad_norm": 0.0038815592415630817,
  "tps_max_disp": 2.122190237045288,
  "tps_mean_disp": 0.6784703731536865,
  "tps_num_at_max": 0,
  "tps_num_at_min": 0,
  "tps_p95_disp": 1.7138475179672241,
  "tps_param_max": 1.8518786430358887,
  "tps_param_mean_abs": 0.38990873098373413,
  "tps_param_min": -2.083080291748047
}
