{
  "elapsed_seconds": 20.848353624343872,
  "final_Z": 0.9979588985443115,
  "status": "done"
}
