{
  "Z": 0.8884670734405518,
  "best_Z_so_far": 0.8836501240730286,
  "best_iter_so_far": 81,
  "case_id": "face_002__add_black_sunglasses",
  "clean_edit_embedding_norm": 1.0,
  "combined_max_disp_px": 4.919470310211182,
  "combined_mean_disp_px": 1.0202810764312744,
  "combined_p95_disp_px": 2.3627567291259766,
  "components_at_boundary": "dct",
  "dct_clipped_high_fraction": 3.0517578125e-05,
  "dct_clipped_low_fraction": 0.001293182373046875,
  "dct_coefficient_delta_l1": 0.004658963065594435,
  "dct_coefficient_delta_l2": 0.015333496034145355,
  "dct_dc_energy": 21.763174057006836,
  "dct_enabled": 1,
  "dct_frequency_mask_mode": "all_ac",
  "dct_gain_grad_norm": 0.013338413089513779,
  "dct_gain_l2": 5.7937469482421875,
  "dct_gain_max": 0.5,
  "dct_gain_mean": 0.08473974466323853,
  "dct_gain_mean_abs": 0.39108940958976746,
  "dct_gain_min": -0.5,
  "dct_high_frequency_energy_after": 6.012941230437718e-05,
  "dct_high_frequency_energy_before": 4.3103074858663604e-05,
  "dct_input_coefficient_energy": 0.34242933988571167,
  "dct_low_frequency_energy_after": 0.013590192422270775,
  "dct_low_frequency_energy_before": 0.01546125952154398,
  "dct_mid_frequency_energy_after": 0.0005287356907501817,
  "dct_mid_frequency_energy_before": 0.0004594916827045381,
  "dct_num_at_max": 61,
  "dct_num_at_min": 35,
  "dct_num_clamped": 96,
  "dct_output_coefficient_energy": 0.3422017991542816,
  "dct_relative_energy_change": -0.0006644895765930414,
  "dct_selected_frequency_count": 189,
  "dct_spatial_delta_l1": 0.008919010870158672,
  "dct_spatial_delta_l2": 0.015308855101466179,
  "dct_spatial_delta_max_abs": 0.2273169755935669,
  "dct_spatial_delta_mse": 0.00023436103947460651,
  "delaunay_enabled": 1,
  "delaunay_grad_norm": 0.011129467748105526,
  "delaunay_max_disp": 4.811824798583984,
  "delaunay_mean_disp": 0.8189681172370911,
  "delaunay_num_at_max": 0,
  "delaunay_num_at_min": 0,
  "delaunay_p95_disp": 2.3812198638916016,
  "delaunay_param_max": 4.748074531555176,
  "delaunay_param_mean_abs": 0.712322473526001,
  "delaunay_param_min": -3.607512950897217,
  "edit_identity_angle_degrees": 27.31875228881836,
  "edit_identity_angle_radians": 0.47680217027664185,
  "edit_identity_cosine_distance": 0.11153292655944824,
  "edit_identity_cosine_similarity_raw": 0.8884670734405518,
  "edit_identity_l2_embedding_distance": 0.4722985625267029,
  "edit_identity_similarity_score_pct": 88.84671020507812,
  "editor_num_inference_steps": 20,
  "face_id": "face_002",
  "fft_phase_enabled": 0,
  "fft_phase_grad_norm": 0.0,
  "fft_phase_max_abs": 0.0,
  "fft_phase_mean_abs": 0.0,
  "fft_phase_norm": 0.0,
  "fft_phase_num_at_max": 0,
  "fft_phase_num_at_min": 0,
  "fft_phase_num_clamped": 0,
  "fft_spatial_delta_mse": 0.0,
  "foldover_fraction": 0.0,
  "fraction_clamped_total": 0.32989690721649484,
  "identity_angle_degrees": 27.31875228881836,
  "identity_angle_radians": 0.47680217027664185,
  "identity_cosine_distance": 0.11153292655944824,
  "identity_cosine_similarity_raw": 0.8884670734405518,
  "identity_l2_embedding_distance": 0.4722985625267029,
  "identity_similarity_score_pct": 88.84671020507812,
  "iter": 950,
  "jacobian_det_min": 0.8855513334274292,
  "l2_to_original": 0.03659248352050781,
  "learning_rate": 0.05,
  "legacy_fft_strength_equivalent": 0.0,
  "loss": 0.8884670734405518,
  "mse_to_original": 0.0013390097301453352,
  "num_at_max_total": 61,
  "num_at_min_total": 35,
  "num_clamped_total": 96,
  "num_total_params": 291,
  "original_embedding_norm": 1.0,
  "peak_vram_gb": 5.321223258972168,
  "perturbed_edit_embedding_norm": 1.0,
  "perturbed_embedding_norm": 1.0,
  "prompt": "add black sunglasses",
  "psnr_to_original": 28.732162671007067,
  "rolling_enabled": 1,
  "rolling_grad_norm": 0.00821782648563385,
  "rolling_max_disp": 0.7577032446861267,
  "rolling_mean_disp": 0.43615543842315674,
  "rolling_num_at_max": 0,
  "rolling_num_at_min": 0,
  "rolling_p95_disp": 0.7539337873458862,
  "rolling_param_max": 1.1655158996582031,
  "rolling_param_mean_abs": 1.02745521068573,
  "rolling_param_min": -0.8893945217132568,
  "seconds_elapsed": 7103.576828794554,
  "seconds_iter": 5.883008001372218,
  "seed": 250852,
  "smoothness_tv": 0.02842310629785061,
  "ssim_to_original": 0.9897676706314087,
  "total_geometry_grad_norm": 0.02242804318666458,
  "total_grad_norm": 0.02242804318666458,
  "tps_enabled": 1,
  "tps_grad_norm": 0.011563138104975224,
  "tps_max_disp": 2.6161000728607178,
  "tps_mean_disp": 0.5757116079330444,
  "tps_num_at_max": 0,
  "tps_num_at_min": 0,
  "tps_p95_disp": 1.538519263267517,
  "tps_param_max": 1.8341673612594604,
  "tps_param_mean_abs": 0.3629320561885834,
  "tps_param_min": -2.011410713195801
}
