{
  "Z": 0.8732045888900757,
  "best_Z_so_far": 0.869856595993042,
  "best_iter_so_far": 329,
  "case_id": "face_005__add_headphones",
  "clean_edit_embedding_norm": 1.0,
  "combined_max_disp_px": 4.661924839019775,
  "combined_mean_disp_px": 0.9849327802658081,
  "combined_p95_disp_px": 2.997091770172119,
  "components_at_boundary": "dct",
  "dct_clipped_high_fraction": 0.0091005964204669,
  "dct_clipped_low_fraction": 0.0012613933067768812,
  "dct_coefficient_delta_l1": 0.004358968231827021,
  "dct_coefficient_delta_l2": 0.016414012759923935,
  "dct_dc_energy": 24.595129013061523,
  "dct_enabled": 1,
  "dct_frequency_mask_mode": "all_ac",
  "dct_gain_grad_norm": 0.0070028346963226795,
  "dct_gain_l2": 6.178975582122803,
  "dct_gain_max": 0.5,
  "dct_gain_mean": -0.008993072435259819,
  "dct_gain_mean_abs": 0.4277283549308777,
  "dct_gain_min": -0.5,
  "dct_high_frequency_energy_after": 3.0701543437317014e-05,
  "dct_high_frequency_energy_before": 3.151776400045492e-05,
  "dct_input_coefficient_energy": 0.38639575242996216,
  "dct_low_frequency_energy_after": 0.019118644297122955,
  "dct_low_frequency_energy_before": 0.014033103361725807,
  "dct_mid_frequency_energy_after": 0.00039748192648403347,
  "dct_mid_frequency_energy_before": 0.00026987402816303074,
  "dct_num_at_max": 61,
  "dct_num_at_min": 61,
  "dct_num_clamped": 122,
  "dct_output_coefficient_energy": 0.38716238737106323,
  "dct_relative_energy_change": 0.0019840667955577374,
  "dct_selected_frequency_count": 189,
  "dct_spatial_delta_l1": 0.009258685633540154,
  "dct_spatial_delta_l2": 0.016164980828762054,
  "dct_spatial_delta_max_abs": 0.29600104689598083,
  "dct_spatial_delta_mse": 0.00026130658807232976,
  "delaunay_enabled": 1,
  "delaunay_grad_norm": 0.002459849463775754,
  "delaunay_max_disp": 2.2403793334960938,
  "delaunay_mean_disp": 0.5094026327133179,
  "delaunay_num_at_max": 0,
  "delaunay_num_at_min": 0,
  "delaunay_p95_disp": 1.4349799156188965,
  "delaunay_param_max": 1.9850406646728516,
  "delaunay_param_mean_abs": 0.46898505091667175,
  "delaunay_param_min": -2.2528367042541504,
  "edit_identity_angle_degrees": 29.16680335998535,
  "edit_identity_angle_radians": 0.5090567469596863,
  "edit_identity_cosine_distance": 0.12679541110992432,
  "edit_identity_cosine_similarity_raw": 0.8732045888900757,
  "edit_identity_l2_embedding_distance": 0.5035780072212219,
  "edit_identity_similarity_score_pct": 87.3204574584961,
  "editor_num_inference_steps": 20,
  "face_id": "face_005",
  "fft_phase_enabled": 0,
  "fft_phase_grad_norm": 0.0,
  "fft_phase_max_abs": 0.0,
  "fft_phase_mean_abs": 0.0,
  "fft_phase_norm": 0.0,
  "fft_phase_num_at_max": 0,
  "fft_phase_num_at_min": 0,
  "fft_phase_num_clamped": 0,
  "fft_spatial_delta_mse": 0.0,
  "foldover_fraction": 0.0,
  "fraction_clamped_total": 0.41924398625429554,
  "identity_angle_degrees": 29.16680335998535,
  "identity_angle_radians": 0.5090567469596863,
  "identity_cosine_distance": 0.12679541110992432,
  "identity_cosine_similarity_raw": 0.8732045888900757,
  "identity_l2_embedding_distance": 0.5035780072212219,
  "identity_similarity_score_pct": 87.3204574584961,
  "iter": 425,
  "jacobian_det_min": 0.9228327870368958,
  "l2_to_original": 0.02685980126261711,
  "learning_rate": 0.05,
  "legacy_fft_strength_equivalent": 0.0,
  "loss": 0.8732045888900757,
  "mse_to_original": 0.0007214489160105586,
  "num_at_max_total": 61,
  "num_at_min_total": 61,
  "num_clamped_total": 122,
  "num_total_params": 291,
  "original_embedding_norm": 1.0,
  "peak_vram_gb": 5.326680660247803,
  "perturbed_edit_embedding_norm": 1.0,
  "perturbed_embedding_norm": 1.0,
  "prompt": "add headphones",
  "psnr_to_original": 31.41794414785538,
  "rolling_enabled": 1,
  "rolling_grad_norm": 0.0019262256100773811,
  "rolling_max_disp": 0.25995659828186035,
  "rolling_mean_disp": 0.1460747867822647,
  "rolling_num_at_max": 0,
  "rolling_num_at_min": 0,
  "rolling_p95_disp": 0.25882530212402344,
  "rolling_param_max": 0.3571069538593292,
  "rolling_param_mean_abs": 0.291171669960022,
  "rolling_param_min": -0.22523640096187592,
  "seconds_elapsed": 2481.061691455543,
  "seconds_iter": 6.083686897531152,
  "seed": 405993,
  "smoothness_tv": 0.020689349621534348,
  "ssim_to_original": 0.9945806264877319,
  "total_geometry_grad_norm": 0.00809941440820694,
  "total_grad_norm": 0.00809941440820694,
  "tps_enabled": 1,
  "tps_grad_norm": 0.0026076065842062235,
  "tps_max_disp": 2.7039644718170166,
  "tps_mean_disp": 0.7209965586662292,
  "tps_num_at_max": 0,
  "tps_num_at_min": 0,
  "tps_p95_disp": 1.9772249460220337,
  "tps_param_max": 2.4291398525238037,
  "tps_param_mean_abs": 0.462074875831604,
  "tps_param_min": -2.4723546504974365
}
