{
  "Z": 0.8829651474952698,
  "best_Z_so_far": 0.8819670677185059,
  "best_iter_so_far": 1199,
  "case_id": "face_002__add_black_sunglasses",
  "clean_edit_embedding_norm": 1.0,
  "combined_max_disp_px": 6.6888108253479,
  "combined_mean_disp_px": 1.154365062713623,
  "combined_p95_disp_px": 2.943624973297119,
  "components_at_boundary": "dct",
  "dct_clipped_high_fraction": 2.7974447220913135e-05,
  "dct_clipped_low_fraction": 0.0024820964317768812,
  "dct_coefficient_delta_l1": 0.004907133057713509,
  "dct_coefficient_delta_l2": 0.015679188072681427,
  "dct_dc_energy": 21.7713565826416,
  "dct_enabled": 1,
  "dct_frequency_mask_mode": "all_ac",
  "dct_gain_grad_norm": 0.007258198224008083,
  "dct_gain_l2": 6.001204967498779,
  "dct_gain_max": 0.5,
  "dct_gain_mean": 0.07005105167627335,
  "dct_gain_mean_abs": 0.41116800904273987,
  "dct_gain_min": -0.5,
  "dct_high_frequency_energy_after": 5.53122881683521e-05,
  "dct_high_frequency_energy_before": 4.014361184090376e-05,
  "dct_input_coefficient_energy": 0.34252840280532837,
  "dct_low_frequency_energy_after": 0.015658840537071228,
  "dct_low_frequency_energy_before": 0.015298931859433651,
  "dct_mid_frequency_energy_after": 0.00046065152855589986,
  "dct_mid_frequency_energy_before": 0.00044793993583880365,
  "dct_num_at_max": 70,
  "dct_num_at_min": 41,
  "dct_num_clamped": 111,
  "dct_output_coefficient_energy": 0.3425908088684082,
  "dct_relative_energy_change": 0.00018219237972516567,
  "dct_selected_frequency_count": 189,
  "dct_spatial_delta_l1": 0.009261745028197765,
  "dct_spatial_delta_l2": 0.015592297539114952,
  "dct_spatial_delta_max_abs": 0.23137801885604858,
  "dct_spatial_delta_mse": 0.00024311974993906915,
  "delaunay_enabled": 1,
  "delaunay_grad_norm": 0.005481264088302851,
  "delaunay_max_disp": 5.094608783721924,
  "delaunay_mean_disp": 0.9429023861885071,
  "delaunay_num_at_max": 0,
  "delaunay_num_at_min": 0,
  "delaunay_p95_disp": 2.819790840148926,
  "delaunay_param_max": 4.28730583190918,
  "delaunay_param_mean_abs": 0.8334105610847473,
  "delaunay_param_min": -4.7180633544921875,
  "edit_identity_angle_degrees": 27.99785804748535,
  "edit_identity_angle_radians": 0.4886547923088074,
  "edit_identity_cosine_distance": 0.11703485250473022,
  "edit_identity_cosine_similarity_raw": 0.8829651474952698,
  "edit_identity_l2_embedding_distance": 0.4838075339794159,
  "edit_identity_similarity_score_pct": 88.29651641845703,
  "editor_num_inference_steps": 20,
  "face_id": "face_002",
  "fft_phase_enabled": 0,
  "fft_phase_grad_norm": 0.0,
  "fft_phase_max_abs": 0.0,
  "fft_phase_mean_abs": 0.0,
  "fft_phase_norm": 0.0,
  "fft_phase_num_at_max": 0,
  "fft_phase_num_at_min": 0,
  "fft_phase_num_clamped": 0,
  "fft_spatial_delta_mse": 0.0,
  "foldover_fraction": 0.0,
  "fraction_clamped_total": 0.38144329896907214,
  "identity_angle_degrees": 27.99785804748535,
  "identity_angle_radians": 0.4886547923088074,
  "identity_cosine_distance": 0.11703485250473022,
  "identity_cosine_similarity_raw": 0.8829651474952698,
  "identity_l2_embedding_distance": 0.4838075339794159,
  "identity_similarity_score_pct": 88.29651641845703,
  "iter": 1275,
  "jacobian_det_min": 0.8453297019004822,
  "l2_to_original": 0.039112165570259094,
  "learning_rate": 0.05,
  "legacy_fft_strength_equivalent": 0.0,
  "loss": 0.8829651474952698,
  "mse_to_original": 0.0015297613572329283,
  "num_at_max_total": 70,
  "num_at_min_total": 41,
  "num_clamped_total": 111,
  "num_total_params": 291,
  "original_embedding_norm": 1.0,
  "peak_vram_gb": 5.323420524597168,
  "perturbed_edit_embedding_norm": 1.0,
  "perturbed_embedding_norm": 1.0,
  "prompt": "add black sunglasses",
  "psnr_to_original": 28.153763138363104,
  "rolling_enabled": 1,
  "rolling_grad_norm": 0.012319126166403294,
  "rolling_max_disp": 0.9628738164901733,
  "rolling_mean_disp": 0.5453172922134399,
  "rolling_num_at_max": 0,
  "rolling_num_at_min": 0,
  "rolling_p95_disp": 0.9583350419998169,
  "rolling_param_max": 1.3984421491622925,
  "rolling_param_mean_abs": 1.1759910583496094,
  "rolling_param_min": -0.9535398483276367,
  "seconds_elapsed": 9191.064364112914,
  "seconds_iter": 7.215122975409031,
  "seed": 250852,
  "smoothness_tv": 0.03240884095430374,
  "ssim_to_original": 0.9883321523666382,
  "total_geometry_grad_norm": 0.016558486968278885,
  "total_grad_norm": 0.016558486968278885,
  "tps_enabled": 1,
  "tps_grad_norm": 0.006300546228885651,
  "tps_max_disp": 2.274890661239624,
  "tps_mean_disp": 0.6286479234695435,
  "tps_num_at_max": 0,
  "tps_num_at_min": 0,
  "tps_p95_disp": 1.708074688911438,
  "tps_param_max": 1.5206977128982544,
  "tps_param_mean_abs": 0.3629765212535858,
  "tps_param_min": -1.9984863996505737
}
