{
  "Z": 0.8838063478469849,
  "best_Z_so_far": 0.8819670677185059,
  "best_iter_so_far": 1199,
  "case_id": "face_002__add_black_sunglasses",
  "clean_edit_embedding_norm": 1.0,
  "combined_max_disp_px": 6.425820827484131,
  "combined_mean_disp_px": 1.1437662839889526,
  "combined_p95_disp_px": 2.9215168952941895,
  "components_at_boundary": "dct",
  "dct_clipped_high_fraction": 2.543131631682627e-05,
  "dct_clipped_low_fraction": 0.0028521220665425062,
  "dct_coefficient_delta_l1": 0.0050750840455293655,
  "dct_coefficient_delta_l2": 0.016217710450291634,
  "dct_dc_energy": 21.765853881835938,
  "dct_enabled": 1,
  "dct_frequency_mask_mode": "all_ac",
  "dct_gain_grad_norm": 0.005868627689778805,
  "dct_gain_l2": 6.176759719848633,
  "dct_gain_max": 0.5,
  "dct_gain_mean": 0.14492303133010864,
  "dct_gain_mean_abs": 0.42869624495506287,
  "dct_gain_min": -0.5,
  "dct_high_frequency_energy_after": 5.891148612136021e-05,
  "dct_high_frequency_energy_before": 3.998572356067598e-05,
  "dct_input_coefficient_energy": 0.34244853258132935,
  "dct_low_frequency_energy_after": 0.01669345423579216,
  "dct_low_frequency_energy_before": 0.015336328186094761,
  "dct_mid_frequency_energy_after": 0.0005164836766198277,
  "dct_mid_frequency_energy_before": 0.0004502846277318895,
  "dct_num_at_max": 74,
  "dct_num_at_min": 30,
  "dct_num_clamped": 104,
  "dct_output_coefficient_energy": 0.34267458319664,
  "dct_relative_energy_change": 0.0006601010099984705,
  "dct_selected_frequency_count": 189,
  "dct_spatial_delta_l1": 0.009577406570315361,
  "dct_spatial_delta_l2": 0.01610651984810829,
  "dct_spatial_delta_max_abs": 0.24450922012329102,
  "dct_spatial_delta_mse": 0.00025941996136680245,
  "delaunay_enabled": 1,
  "delaunay_grad_norm": 0.00379098835401237,
  "delaunay_max_disp": 5.108952045440674,
  "delaunay_mean_disp": 0.9835140109062195,
  "delaunay_num_at_max": 0,
  "delaunay_num_at_min": 0,
  "delaunay_p95_disp": 2.9131643772125244,
  "delaunay_param_max": 4.201290130615234,
  "delaunay_param_mean_abs": 0.8726747035980225,
  "delaunay_param_min": -4.440626621246338,
  "edit_identity_angle_degrees": 27.895015716552734,
  "edit_identity_angle_radians": 0.48685985803604126,
  "edit_identity_cosine_distance": 0.11619365215301514,
  "edit_identity_cosine_similarity_raw": 0.8838063478469849,
  "edit_identity_l2_embedding_distance": 0.48206567764282227,
  "edit_identity_similarity_score_pct": 88.3806381225586,
  "editor_num_inference_steps": 20,
  "face_id": "face_002",
  "fft_phase_enabled": 0,
  "fft_phase_grad_norm": 0.0,
  "fft_phase_max_abs": 0.0,
  "fft_phase_mean_abs": 0.0,
  "fft_phase_norm": 0.0,
  "fft_phase_num_at_max": 0,
  "fft_phase_num_at_min": 0,
  "fft_phase_num_clamped": 0,
  "fft_spatial_delta_mse": 0.0,
  "foldover_fraction": 0.0,
  "fraction_clamped_total": 0.35738831615120276,
  "identity_angle_degrees": 27.895015716552734,
  "identity_angle_radians": 0.48685985803604126,
  "identity_cosine_distance": 0.11619365215301514,
  "identity_cosine_similarity_raw": 0.8838063478469849,
  "identity_l2_embedding_distance": 0.48206567764282227,
  "identity_similarity_score_pct": 88.3806381225586,
  "iter": 1450,
  "jacobian_det_min": 0.8511297702789307,
  "l2_to_original": 0.03928208351135254,
  "learning_rate": 0.05,
  "legacy_fft_strength_equivalent": 0.0,
  "loss": 0.8838063478469849,
  "mse_to_original": 0.0015430820640176535,
  "num_at_max_total": 74,
  "num_at_min_total": 30,
  "num_clamped_total": 104,
  "num_total_params": 291,
  "original_embedding_norm": 1.0,
  "peak_vram_gb": 5.323420524597168,
  "perturbed_edit_embedding_norm": 0.9999999403953552,
  "perturbed_embedding_norm": 0.9999999403953552,
  "prompt": "add black sunglasses",
  "psnr_to_original": 28.116109767221317,
  "rolling_enabled": 1,
  "rolling_grad_norm": 0.008624766021966934,
  "rolling_max_disp": 0.8819379806518555,
  "rolling_mean_disp": 0.5044657588005066,
  "rolling_num_at_max": 0,
  "rolling_num_at_min": 0,
  "rolling_p95_disp": 0.8772940039634705,
  "rolling_param_max": 1.325008511543274,
  "rolling_param_mean_abs": 1.1512160301208496,
  "rolling_param_min": -0.9774234890937805,
  "seconds_elapsed": 10374.349824078381,
  "seconds_iter": 6.616109300404787,
  "seed": 250852,
  "smoothness_tv": 0.03322344273328781,
  "ssim_to_original": 0.9882441759109497,
  "total_geometry_grad_norm": 0.011908491142094135,
  "total_grad_norm": 0.011908491142094135,
  "tps_enabled": 1,
  "tps_grad_norm": 0.004314300138503313,
  "tps_max_disp": 2.803338050842285,
  "tps_mean_disp": 0.7230206727981567,
  "tps_num_at_max": 0,
  "tps_num_at_min": 0,
  "tps_p95_disp": 1.9191092252731323,
  "tps_param_max": 1.8245999813079834,
  "tps_param_mean_abs": 0.3981782793998718,
  "tps_param_min": -2.5332515239715576
}
