{
  "Z": 0.8859786987304688,
  "best_Z_so_far": 0.8822601437568665,
  "best_iter_so_far": 309,
  "case_id": "face_002__add_headphones",
  "clean_edit_embedding_norm": 1.0,
  "combined_max_disp_px": 2.9759156703948975,
  "combined_mean_disp_px": 0.6666119694709778,
  "combined_p95_disp_px": 1.5403894186019897,
  "components_at_boundary": "dct",
  "dct_clipped_high_fraction": 2.4159749955288135e-05,
  "dct_clipped_low_fraction": 0.0019823710899800062,
  "dct_coefficient_delta_l1": 0.005529715679585934,
  "dct_coefficient_delta_l2": 0.019192494451999664,
  "dct_dc_energy": 21.7406063079834,
  "dct_enabled": 1,
  "dct_frequency_mask_mode": "all_ac",
  "dct_gain_grad_norm": 0.007020843680948019,
  "dct_gain_l2": 6.214287757873535,
  "dct_gain_max": 0.5,
  "dct_gain_mean": -0.02862919308245182,
  "dct_gain_mean_abs": 0.43107765913009644,
  "dct_gain_min": -0.5,
  "dct_high_frequency_energy_after": 5.553515802603215e-05,
  "dct_high_frequency_energy_before": 5.360744762583636e-05,
  "dct_input_coefficient_energy": 0.3420790433883667,
  "dct_low_frequency_energy_after": 0.014379029162228107,
  "dct_low_frequency_energy_before": 0.015361648052930832,
  "dct_mid_frequency_energy_after": 0.0006049963994883001,
  "dct_mid_frequency_energy_before": 0.0004883517976850271,
  "dct_num_at_max": 61,
  "dct_num_at_min": 72,
  "dct_num_clamped": 133,
  "dct_output_coefficient_energy": 0.34198909997940063,
  "dct_relative_energy_change": -0.0002629316586535424,
  "dct_selected_frequency_count": 189,
  "dct_spatial_delta_l1": 0.011101587675511837,
  "dct_spatial_delta_l2": 0.019098753109574318,
  "dct_spatial_delta_max_abs": 0.3808023929595947,
  "dct_spatial_delta_mse": 0.000364762352546677,
  "delaunay_enabled": 1,
  "delaunay_grad_norm": 0.0028388304635882378,
  "delaunay_max_disp": 2.0056402683258057,
  "delaunay_mean_disp": 0.4377559423446655,
  "delaunay_num_at_max": 0,
  "delaunay_num_at_min": 0,
  "delaunay_p95_disp": 1.2193197011947632,
  "delaunay_param_max": 1.8207117319107056,
  "delaunay_param_mean_abs": 0.4872961938381195,
  "delaunay_param_min": -1.665079116821289,
  "edit_identity_angle_degrees": 27.627798080444336,
  "edit_identity_angle_radians": 0.48219603300094604,
  "edit_identity_cosine_distance": 0.11402130126953125,
  "edit_identity_cosine_similarity_raw": 0.8859786987304688,
  "edit_identity_l2_embedding_distance": 0.47753798961639404,
  "edit_identity_similarity_score_pct": 88.59786987304688,
  "editor_num_inference_steps": 20,
  "face_id": "face_002",
  "fft_phase_enabled": 0,
  "fft_phase_grad_norm": 0.0,
  "fft_phase_max_abs": 0.0,
  "fft_phase_mean_abs": 0.0,
  "fft_phase_norm": 0.0,
  "fft_phase_num_at_max": 0,
  "fft_phase_num_at_min": 0,
  "fft_phase_num_clamped": 0,
  "fft_spatial_delta_mse": 0.0,
  "foldover_fraction": 0.0,
  "fraction_clamped_total": 0.4570446735395189,
  "identity_angle_degrees": 27.627798080444336,
  "identity_angle_radians": 0.48219603300094604,
  "identity_cosine_distance": 0.11402130126953125,
  "identity_cosine_similarity_raw": 0.8859786987304688,
  "identity_l2_embedding_distance": 0.47753798961639404,
  "identity_similarity_score_pct": 88.59786987304688,
  "iter": 1225,
  "jacobian_det_min": 0.9656375050544739,
  "l2_to_original": 0.03097338043153286,
  "learning_rate": 0.05,
  "legacy_fft_strength_equivalent": 0.0,
  "loss": 0.8859786987304688,
  "mse_to_original": 0.000959350261837244,
  "num_at_max_total": 61,
  "num_at_min_total": 72,
  "num_clamped_total": 133,
  "num_total_params": 291,
  "original_embedding_norm": 1.0,
  "peak_vram_gb": 5.326680660247803,
  "perturbed_edit_embedding_norm": 1.0,
  "perturbed_embedding_norm": 1.0,
  "prompt": "add headphones",
  "psnr_to_original": 30.180228015774123,
  "rolling_enabled": 1,
  "rolling_grad_norm": 0.00197961600497365,
  "rolling_max_disp": 0.20064952969551086,
  "rolling_mean_disp": 0.1329786777496338,
  "rolling_num_at_max": 0,
  "rolling_num_at_min": 0,
  "rolling_p95_disp": 0.20012637972831726,
  "rolling_param_max": 0.1590057760477066,
  "rolling_param_mean_abs": 0.11615879088640213,
  "rolling_param_min": 0.07331180572509766,
  "seconds_elapsed": 8897.764111749828,
  "seconds_iter": 7.526468576863408,
  "seed": 438717,
  "smoothness_tv": 0.013739164918661118,
  "ssim_to_original": 0.9926761984825134,
  "total_geometry_grad_norm": 0.008537004701793194,
  "total_grad_norm": 0.008537004701793194,
  "tps_enabled": 1,
  "tps_grad_norm": 0.0034073975402861834,
  "tps_max_disp": 2.1035823822021484,
  "tps_mean_disp": 0.685086727142334,
  "tps_num_at_max": 0,
  "tps_num_at_min": 0,
  "tps_p95_disp": 1.7353252172470093,
  "tps_param_max": 1.889966607093811,
  "tps_param_mean_abs": 0.3975498080253601,
  "tps_param_min": -2.0068047046661377
}
