{
  "Z": 0.8714340925216675,
  "best_Z_so_far": 0.869856595993042,
  "best_iter_so_far": 329,
  "case_id": "face_005__add_headphones",
  "clean_edit_embedding_norm": 1.0,
  "combined_max_disp_px": 4.475226402282715,
  "combined_mean_disp_px": 0.9759145975112915,
  "combined_p95_disp_px": 2.93154239654541,
  "components_at_boundary": "dct",
  "dct_clipped_high_fraction": 0.009141286835074425,
  "dct_clipped_low_fraction": 0.0012601217022165656,
  "dct_coefficient_delta_l1": 0.0044415611773729324,
  "dct_coefficient_delta_l2": 0.01659369096159935,
  "dct_dc_energy": 24.596284866333008,
  "dct_enabled": 1,
  "dct_frequency_mask_mode": "all_ac",
  "dct_gain_grad_norm": 0.005653973203152418,
  "dct_gain_l2": 6.1684346199035645,
  "dct_gain_max": 0.5,
  "dct_gain_mean": 0.0006406502798199654,
  "dct_gain_mean_abs": 0.4286136329174042,
  "dct_gain_min": -0.5,
  "dct_high_frequency_energy_after": 3.0864972359267995e-05,
  "dct_high_frequency_energy_before": 3.109414319624193e-05,
  "dct_input_coefficient_energy": 0.38641104102134705,
  "dct_low_frequency_energy_after": 0.019316241145133972,
  "dct_low_frequency_energy_before": 0.014017202891409397,
  "dct_mid_frequency_energy_after": 0.0003985295188613236,
  "dct_mid_frequency_energy_before": 0.00026907704886980355,
  "dct_num_at_max": 61,
  "dct_num_at_min": 59,
  "dct_num_clamped": 120,
  "dct_output_coefficient_energy": 0.3872087001800537,
  "dct_relative_energy_change": 0.0020642762538045645,
  "dct_selected_frequency_count": 189,
  "dct_spatial_delta_l1": 0.009435595013201237,
  "dct_spatial_delta_l2": 0.01633491925895214,
  "dct_spatial_delta_max_abs": 0.27882468700408936,
  "dct_spatial_delta_mse": 0.0002668295637704432,
  "delaunay_enabled": 1,
  "delaunay_grad_norm": 0.0033465989399701357,
  "delaunay_max_disp": 2.3258109092712402,
  "delaunay_mean_disp": 0.5276154279708862,
  "delaunay_num_at_max": 0,
  "delaunay_num_at_min": 0,
  "delaunay_p95_disp": 1.481781244277954,
  "delaunay_param_max": 1.9015194177627563,
  "delaunay_param_mean_abs": 0.4770192503929138,
  "delaunay_param_min": -2.3093225955963135,
  "edit_identity_angle_degrees": 29.374277114868164,
  "edit_identity_angle_radians": 0.5126778483390808,
  "edit_identity_cosine_distance": 0.12856590747833252,
  "edit_identity_cosine_similarity_raw": 0.8714340925216675,
  "edit_identity_l2_embedding_distance": 0.5070818662643433,
  "edit_identity_similarity_score_pct": 87.1434097290039,
  "editor_num_inference_steps": 20,
  "face_id": "face_005",
  "fft_phase_enabled": 0,
  "fft_phase_grad_norm": 0.0,
  "fft_phase_max_abs": 0.0,
  "fft_phase_mean_abs": 0.0,
  "fft_phase_norm": 0.0,
  "fft_phase_num_at_max": 0,
  "fft_phase_num_at_min": 0,
  "fft_phase_num_clamped": 0,
  "fft_spatial_delta_mse": 0.0,
  "foldover_fraction": 0.0,
  "fraction_clamped_total": 0.41237113402061853,
  "identity_angle_degrees": 29.374277114868164,
  "identity_angle_radians": 0.5126778483390808,
  "identity_cosine_distance": 0.12856590747833252,
  "identity_cosine_similarity_raw": 0.8714340925216675,
  "identity_l2_embedding_distance": 0.5070818662643433,
  "identity_similarity_score_pct": 87.1434097290039,
  "iter": 575,
  "jacobian_det_min": 0.9247733950614929,
  "l2_to_original": 0.026719089597463608,
  "learning_rate": 0.05,
  "legacy_fft_strength_equivalent": 0.0,
  "loss": 0.8714340925216675,
  "mse_to_original": 0.0007139097433537245,
  "num_at_max_total": 61,
  "num_at_min_total": 59,
  "num_clamped_total": 120,
  "num_total_params": 291,
  "original_embedding_norm": 1.0,
  "peak_vram_gb": 5.326680660247803,
  "perturbed_edit_embedding_norm": 0.9999999403953552,
  "perturbed_embedding_norm": 0.9999999403953552,
  "prompt": "add headphones",
  "psnr_to_original": 31.463566908024614,
  "rolling_enabled": 1,
  "rolling_grad_norm": 0.0023676666896790266,
  "rolling_max_disp": 0.2233332097530365,
  "rolling_mean_disp": 0.1264544129371643,
  "rolling_num_at_max": 0,
  "rolling_num_at_min": 0,
  "rolling_p95_disp": 0.22226792573928833,
  "rolling_param_max": 0.3211008310317993,
  "rolling_param_mean_abs": 0.26779651641845703,
  "rolling_param_min": -0.21449221670627594,
  "seconds_elapsed": 3358.363090770319,
  "seconds_iter": 6.003280209377408,
  "seed": 405993,
  "smoothness_tv": 0.020445888862013817,
  "ssim_to_original": 0.9946377277374268,
  "total_geometry_grad_norm": 0.008098664693534374,
  "total_grad_norm": 0.008098664693534374,
  "tps_enabled": 1,
  "tps_grad_norm": 0.0041006566025316715,
  "tps_max_disp": 2.7192652225494385,
  "tps_mean_disp": 0.7419974207878113,
  "tps_num_at_max": 0,
  "tps_num_at_min": 0,
  "tps_p95_disp": 1.9987431764602661,
  "tps_param_max": 2.3516643047332764,
  "tps_param_mean_abs": 0.4656863212585449,
  "tps_param_min": -2.3718292713165283
}
