{
  "elapsed_seconds": 590.3435010872781,
  "final_Z": 0.9644947052001953,
  "status": "done"
}
