{
  "Z": 0.8732771873474121,
  "best_Z_so_far": 0.869856595993042,
  "best_iter_so_far": 329,
  "case_id": "face_005__add_headphones",
  "clean_edit_embedding_norm": 1.0,
  "combined_max_disp_px": 5.406604290008545,
  "combined_mean_disp_px": 1.1902307271957397,
  "combined_p95_disp_px": 3.460996150970459,
  "components_at_boundary": "dct",
  "dct_clipped_high_fraction": 0.00950495433062315,
  "dct_clipped_low_fraction": 0.0012423198204487562,
  "dct_coefficient_delta_l1": 0.004385588690638542,
  "dct_coefficient_delta_l2": 0.016369767487049103,
  "dct_dc_energy": 24.604928970336914,
  "dct_enabled": 1,
  "dct_frequency_mask_mode": "all_ac",
  "dct_gain_grad_norm": 0.01875399239361286,
  "dct_gain_l2": 6.135079860687256,
  "dct_gain_max": 0.5,
  "dct_gain_mean": -0.02809160389006138,
  "dct_gain_mean_abs": 0.4250313639640808,
  "dct_gain_min": -0.5,
  "dct_high_frequency_energy_after": 2.5683642888907343e-05,
  "dct_high_frequency_energy_before": 3.228397690691054e-05,
  "dct_input_coefficient_energy": 0.38654178380966187,
  "dct_low_frequency_energy_after": 0.019691631197929382,
  "dct_low_frequency_energy_before": 0.013979059644043446,
  "dct_mid_frequency_energy_after": 0.00043042152537964284,
  "dct_mid_frequency_energy_before": 0.00027032545767724514,
  "dct_num_at_max": 52,
  "dct_num_at_min": 58,
  "dct_num_clamped": 110,
  "dct_output_coefficient_energy": 0.38740724325180054,
  "dct_relative_energy_change": 0.0022389802616089582,
  "dct_selected_frequency_count": 189,
  "dct_spatial_delta_l1": 0.00920732319355011,
  "dct_spatial_delta_l2": 0.016123531386256218,
  "dct_spatial_delta_max_abs": 0.2846042513847351,
  "dct_spatial_delta_mse": 0.00025996824842877686,
  "delaunay_enabled": 1,
  "delaunay_grad_norm": 0.004979897756129503,
  "delaunay_max_disp": 3.2127790451049805,
  "delaunay_mean_disp": 0.8032751083374023,
  "delaunay_num_at_max": 0,
  "delaunay_num_at_min": 0,
  "delaunay_p95_disp": 2.3367059230804443,
  "delaunay_param_max": 3.0540895462036133,
  "delaunay_param_mean_abs": 0.6184543371200562,
  "delaunay_param_min": -3.1061787605285645,
  "edit_identity_angle_degrees": 29.158266067504883,
  "edit_identity_angle_radians": 0.5089077353477478,
  "edit_identity_cosine_distance": 0.1267228126525879,
  "edit_identity_cosine_similarity_raw": 0.8732771873474121,
  "edit_identity_l2_embedding_distance": 0.5034340023994446,
  "edit_identity_similarity_score_pct": 87.32772064208984,
  "editor_num_inference_steps": 20,
  "face_id": "face_005",
  "fft_phase_enabled": 0,
  "fft_phase_grad_norm": 0.0,
  "fft_phase_max_abs": 0.0,
  "fft_phase_mean_abs": 0.0,
  "fft_phase_norm": 0.0,
  "fft_phase_num_at_max": 0,
  "fft_phase_num_at_min": 0,
  "fft_phase_num_clamped": 0,
  "fft_spatial_delta_mse": 0.0,
  "foldover_fraction": 0.0,
  "fraction_clamped_total": 0.37800687285223367,
  "identity_angle_degrees": 29.158266067504883,
  "identity_angle_radians": 0.5089077353477478,
  "identity_cosine_distance": 0.1267228126525879,
  "identity_cosine_similarity_raw": 0.8732771873474121,
  "identity_l2_embedding_distance": 0.5034340023994446,
  "identity_similarity_score_pct": 87.32772064208984,
  "iter": 1025,
  "jacobian_det_min": 0.9108554720878601,
  "l2_to_original": 0.029470078647136688,
  "learning_rate": 0.05,
  "legacy_fft_strength_equivalent": 0.0,
  "loss": 0.8732771873474121,
  "mse_to_original": 0.0008684855420142412,
  "num_at_max_total": 52,
  "num_at_min_total": 58,
  "num_clamped_total": 110,
  "num_total_params": 291,
  "original_embedding_norm": 1.0,
  "peak_vram_gb": 5.326680660247803,
  "perturbed_edit_embedding_norm": 1.0,
  "perturbed_embedding_norm": 1.0,
  "prompt": "add headphones",
  "psnr_to_original": 30.61237407010433,
  "rolling_enabled": 1,
  "rolling_grad_norm": 0.0006363983848132193,
  "rolling_max_disp": 0.3798066973686218,
  "rolling_mean_disp": 0.21416619420051575,
  "rolling_num_at_max": 0,
  "rolling_num_at_min": 0,
  "rolling_p95_disp": 0.37812888622283936,
  "rolling_param_max": 0.4697415232658386,
  "rolling_param_mean_abs": 0.32495689392089844,
  "rolling_param_min": -0.18017229437828064,
  "seconds_elapsed": 5938.714786391705,
  "seconds_iter": 5.782846609130502,
  "seed": 405993,
  "smoothness_tv": 0.025586260482668877,
  "ssim_to_original": 0.9934822916984558,
  "total_geometry_grad_norm": 0.020257670432329178,
  "total_grad_norm": 0.020257670432329178,
  "tps_enabled": 1,
  "tps_grad_norm": 0.0057841637171804905,
  "tps_max_disp": 3.2959115505218506,
  "tps_mean_disp": 0.9671684503555298,
  "tps_num_at_max": 0,
  "tps_num_at_min": 0,
  "tps_p95_disp": 2.6715428829193115,
  "tps_param_max": 3.015925407409668,
  "tps_param_mean_abs": 0.5543619990348816,
  "tps_param_min": -3.210476875305176
}
