{
  "Z": 0.8839923143386841,
  "best_Z_so_far": 0.8819670677185059,
  "best_iter_so_far": 1199,
  "case_id": "face_002__add_black_sunglasses",
  "clean_edit_embedding_norm": 1.0,
  "combined_max_disp_px": 6.504029750823975,
  "combined_mean_disp_px": 1.1533045768737793,
  "combined_p95_disp_px": 2.9688467979431152,
  "components_at_boundary": "dct",
  "dct_clipped_high_fraction": 2.924601358245127e-05,
  "dct_clipped_low_fraction": 0.0026957194786518812,
  "dct_coefficient_delta_l1": 0.00513489218428731,
  "dct_coefficient_delta_l2": 0.016225120052695274,
  "dct_dc_energy": 21.766679763793945,
  "dct_enabled": 1,
  "dct_frequency_mask_mode": "all_ac",
  "dct_gain_grad_norm": 0.021971967071294785,
  "dct_gain_l2": 6.173765182495117,
  "dct_gain_max": 0.5,
  "dct_gain_mean": 0.13383957743644714,
  "dct_gain_mean_abs": 0.42965248227119446,
  "dct_gain_min": -0.5,
  "dct_high_frequency_energy_after": 5.842035170644522e-05,
  "dct_high_frequency_energy_before": 4.023805740871467e-05,
  "dct_input_coefficient_energy": 0.34246230125427246,
  "dct_low_frequency_energy_after": 0.01635032705962658,
  "dct_low_frequency_energy_before": 0.01534081157296896,
  "dct_mid_frequency_energy_after": 0.0005273636779747903,
  "dct_mid_frequency_energy_before": 0.000450419494882226,
  "dct_num_at_max": 70,
  "dct_num_at_min": 31,
  "dct_num_clamped": 101,
  "dct_output_coefficient_energy": 0.3426434397697449,
  "dct_relative_energy_change": 0.0005289298132993281,
  "dct_selected_frequency_count": 189,
  "dct_spatial_delta_l1": 0.009587939828634262,
  "dct_spatial_delta_l2": 0.016119571402668953,
  "dct_spatial_delta_max_abs": 0.23502203822135925,
  "dct_spatial_delta_mse": 0.0002598405990283936,
  "delaunay_enabled": 1,
  "delaunay_grad_norm": 0.008817140944302082,
  "delaunay_max_disp": 5.111081600189209,
  "delaunay_mean_disp": 0.9809917211532593,
  "delaunay_num_at_max": 0,
  "delaunay_num_at_min": 0,
  "delaunay_p95_disp": 2.8953304290771484,
  "delaunay_param_max": 4.1885480880737305,
  "delaunay_param_mean_abs": 0.8725655674934387,
  "delaunay_param_min": -4.488302707672119,
  "edit_identity_angle_degrees": 27.87223243713379,
  "edit_identity_angle_radians": 0.48646220564842224,
  "edit_identity_cosine_distance": 0.11600768566131592,
  "edit_identity_cosine_similarity_raw": 0.8839923143386841,
  "edit_identity_l2_embedding_distance": 0.4816797971725464,
  "edit_identity_similarity_score_pct": 88.39923095703125,
  "editor_num_inference_steps": 20,
  "face_id": "face_002",
  "fft_phase_enabled": 0,
  "fft_phase_grad_norm": 0.0,
  "fft_phase_max_abs": 0.0,
  "fft_phase_mean_abs": 0.0,
  "fft_phase_norm": 0.0,
  "fft_phase_num_at_max": 0,
  "fft_phase_num_at_min": 0,
  "fft_phase_num_clamped": 0,
  "fft_spatial_delta_mse": 0.0,
  "foldover_fraction": 0.0,
  "fraction_clamped_total": 0.3470790378006873,
  "identity_angle_degrees": 27.87223243713379,
  "identity_angle_radians": 0.48646220564842224,
  "identity_cosine_distance": 0.11600768566131592,
  "identity_cosine_similarity_raw": 0.8839923143386841,
  "identity_l2_embedding_distance": 0.4816797971725464,
  "identity_similarity_score_pct": 88.39923095703125,
  "iter": 1425,
  "jacobian_det_min": 0.8497501015663147,
  "l2_to_original": 0.039527297019958496,
  "learning_rate": 0.05,
  "legacy_fft_strength_equivalent": 0.0,
  "loss": 0.8839923143386841,
  "mse_to_original": 0.0015624071238562465,
  "num_at_max_total": 70,
  "num_at_min_total": 31,
  "num_clamped_total": 101,
  "num_total_params": 291,
  "original_embedding_norm": 1.0,
  "peak_vram_gb": 5.323420524597168,
  "perturbed_edit_embedding_norm": 0.9999999403953552,
  "perturbed_embedding_norm": 0.9999999403953552,
  "prompt": "add black sunglasses",
  "psnr_to_original": 28.06205789533051,
  "rolling_enabled": 1,
  "rolling_grad_norm": 0.0017395828617736697,
  "rolling_max_disp": 0.8954047560691833,
  "rolling_mean_disp": 0.5118690729141235,
  "rolling_num_at_max": 0,
  "rolling_num_at_min": 0,
  "rolling_p95_disp": 0.8908088207244873,
  "rolling_param_max": 1.3305524587631226,
  "rolling_param_mean_abs": 1.1680233478546143,
  "rolling_param_min": -1.0054941177368164,
  "seconds_elapsed": 10207.361572440714,
  "seconds_iter": 6.518929082900286,
  "seed": 250852,
  "smoothness_tv": 0.03338218480348587,
  "ssim_to_original": 0.9880930781364441,
  "total_geometry_grad_norm": 0.025580916553735733,
  "total_grad_norm": 0.025580916553735733,
  "tps_enabled": 1,
  "tps_grad_norm": 0.009531412273645401,
  "tps_max_disp": 2.6572933197021484,
  "tps_mean_disp": 0.6991141438484192,
  "tps_num_at_max": 0,
  "tps_num_at_min": 0,
  "tps_p95_disp": 1.8724654912948608,
  "tps_param_max": 1.7314903736114502,
  "tps_param_mean_abs": 0.38604864478111267,
  "tps_param_min": -2.37546443939209
}
