{
  "elapsed_seconds": 20.150545712560415,
  "final_Z": 0.9894293546676636,
  "status": "done"
}
