{
  "elapsed_seconds": 12432.200905645266,
  "final_Z": 0.9872307777404785,
  "status": "done"
}
