{
  "elapsed_seconds": 718.3569842036813,
  "final_Z": 0.93129563331604,
  "status": "done"
}
