{
  "best_Z_stock_public": 0.9943174123764038,
  "best_gradient_path_vs_stock_public_l2": 0.387300746972703,
  "best_gradient_path_vs_stock_public_max_abs": 0.9686274528503418,
  "best_gradient_path_vs_stock_public_mean_abs": 0.30119776725769043,
  "best_gradient_path_vs_stock_public_mse": 0.1500018686056137,
  "best_gradient_path_vs_stock_public_psnr": 8.239033308106373,
  "best_gradient_path_vs_stock_public_ssim": 0.3223375976085663,
  "best_stock_public_identity_cosine_similarity_raw": 0.9943174123764038,
  "best_stock_public_identity_similarity_score_pct": 99.4317398071289,
  "best_stock_public_output_l2": 0.04908499149407851,
  "best_stock_public_output_max_abs": 0.8823529481887817,
  "best_stock_public_output_mean_abs": 0.02661672979593277,
  "best_stock_public_output_mse": 0.0024093363899737597,
  "best_stock_public_output_psnr": 26.181025598562684,
  "best_stock_public_output_ssim": 0.7944785952568054,
  "case_id": "face_002__add_black_sunglasses",
  "editor_guidance_scale": 7.5,
  "editor_image_guidance_scale": 1.5,
  "editor_num_inference_steps": 20,
  "face_id": "face_002",
  "final_Z_stock_public": 0.9937925934791565,
  "final_gradient_path_vs_stock_public_l2": 0.005369969780046972,
  "final_gradient_path_vs_stock_public_max_abs": 0.1882352977991104,
  "final_gradient_path_vs_stock_public_mean_abs": 0.0025800266303122044,
  "final_gradient_path_vs_stock_public_mse": 2.883657543861773e-05,
  "final_gradient_path_vs_stock_public_psnr": 45.400563166440065,
  "final_gradient_path_vs_stock_public_ssim": 0.9955183863639832,
  "final_stock_public_identity_cosine_similarity_raw": 0.9937925934791565,
  "final_stock_public_identity_similarity_score_pct": 99.37925720214844,
  "final_stock_public_output_l2": 0.048486888129312775,
  "final_stock_public_output_max_abs": 0.8588235378265381,
  "final_stock_public_output_mean_abs": 0.026062093675136566,
  "final_stock_public_output_mse": 0.002350978320464492,
  "final_stock_public_output_psnr": 26.287513757011144,
  "final_stock_public_output_ssim": 0.7953808307647705,
  "input_best_l2": 0.038492387576751365,
  "input_best_max_abs": 0.6823529601097107,
  "input_best_mean_abs": 0.020797258242964745,
  "input_best_mse": 0.0014816639013588428,
  "input_best_psnr": 28.292502999594703,
  "input_best_ssim": 0.8199213147163391,
  "input_final_l2": 0.0388254977806321,
  "input_final_max_abs": 0.686274528503418,
  "input_final_mean_abs": 0.02094144932925701,
  "input_final_mse": 0.0015074192779138684,
  "input_final_psnr": 28.217659349723622,
  "input_final_ssim": 0.818840503692627,
  "prompt": "add black sunglasses",
  "run_dir": "outputs/edited_output_identity_2/20260707_101435_edited_output_identity_all_sequential/runs/edited_output_identity/instructpix2pix_arcface_iresnet100/face_002__add_black_sunglasses",
  "seed": 250852,
  "status": "repaired"
}
