{
  "Z": 0.8919510841369629,
  "best_Z_so_far": 0.8900959491729736,
  "best_iter_so_far": 342,
  "case_id": "face_005__add_black_sunglasses",
  "clean_edit_embedding_norm": 0.9999999403953552,
  "combined_max_disp_px": 2.97413969039917,
  "combined_mean_disp_px": 0.9639081954956055,
  "combined_p95_disp_px": 2.217050552368164,
  "components_at_boundary": "dct",
  "dct_clipped_high_fraction": 0.0078798932954669,
  "dct_clipped_low_fraction": 0.0007502238149754703,
  "dct_coefficient_delta_l1": 0.004366056993603706,
  "dct_coefficient_delta_l2": 0.01701144129037857,
  "dct_dc_energy": 24.63735008239746,
  "dct_enabled": 1,
  "dct_frequency_mask_mode": "all_ac",
  "dct_gain_grad_norm": 0.006770872510969639,
  "dct_gain_l2": 6.115473747253418,
  "dct_gain_max": 0.5,
  "dct_gain_mean": 0.07482528686523438,
  "dct_gain_mean_abs": 0.4215088188648224,
  "dct_gain_min": -0.5,
  "dct_high_frequency_energy_after": 3.743564593605697e-05,
  "dct_high_frequency_energy_before": 2.9690549126826227e-05,
  "dct_input_coefficient_energy": 0.3870205581188202,
  "dct_low_frequency_energy_after": 0.01350623369216919,
  "dct_low_frequency_energy_before": 0.013803725130856037,
  "dct_mid_frequency_energy_after": 0.0003307149454485625,
  "dct_mid_frequency_energy_before": 0.0002653416886460036,
  "dct_num_at_max": 77,
  "dct_num_at_min": 48,
  "dct_num_clamped": 125,
  "dct_output_coefficient_energy": 0.3870086669921875,
  "dct_relative_energy_change": -3.072479375987314e-05,
  "dct_selected_frequency_count": 189,
  "dct_spatial_delta_l1": 0.00946301780641079,
  "dct_spatial_delta_l2": 0.016905413940548897,
  "dct_spatial_delta_max_abs": 0.31633704900741577,
  "dct_spatial_delta_mse": 0.0002857930085156113,
  "delaunay_enabled": 1,
  "delaunay_grad_norm": 0.00761584984138608,
  "delaunay_max_disp": 2.403625726699829,
  "delaunay_mean_disp": 0.4930879473686218,
  "delaunay_num_at_max": 0,
  "delaunay_num_at_min": 0,
  "delaunay_p95_disp": 1.2541935443878174,
  "delaunay_param_max": 2.419705390930176,
  "delaunay_param_mean_abs": 0.5295280814170837,
  "delaunay_param_min": -1.1018435955047607,
  "edit_identity_angle_degrees": 26.88054847717285,
  "edit_identity_angle_radians": 0.4691540598869324,
  "edit_identity_cosine_distance": 0.10804891586303711,
  "edit_identity_cosine_similarity_raw": 0.8919510841369629,
  "edit_identity_l2_embedding_distance": 0.4648634195327759,
  "edit_identity_similarity_score_pct": 89.19510650634766,
  "editor_num_inference_steps": 20,
  "face_id": "face_005",
  "fft_phase_enabled": 0,
  "fft_phase_grad_norm": 0.0,
  "fft_phase_max_abs": 0.0,
  "fft_phase_mean_abs": 0.0,
  "fft_phase_norm": 0.0,
  "fft_phase_num_at_max": 0,
  "fft_phase_num_at_min": 0,
  "fft_phase_num_clamped": 0,
  "fft_spatial_delta_mse": 0.0,
  "foldover_fraction": 0.0,
  "fraction_clamped_total": 0.42955326460481097,
  "identity_angle_degrees": 26.88054847717285,
  "identity_angle_radians": 0.4691540598869324,
  "identity_cosine_distance": 0.10804891586303711,
  "identity_cosine_similarity_raw": 0.8919510841369629,
  "identity_l2_embedding_distance": 0.4648634195327759,
  "identity_similarity_score_pct": 89.19510650634766,
  "iter": 400,
  "jacobian_det_min": 0.9379696249961853,
  "l2_to_original": 0.028674913570284843,
  "learning_rate": 0.05,
  "legacy_fft_strength_equivalent": 0.0,
  "loss": 0.8919510841369629,
  "mse_to_original": 0.0008222506148740649,
  "num_at_max_total": 77,
  "num_at_min_total": 48,
  "num_clamped_total": 125,
  "num_total_params": 291,
  "original_embedding_norm": 0.9999999403953552,
  "peak_vram_gb": 5.326680660247803,
  "perturbed_edit_embedding_norm": 1.0,
  "perturbed_embedding_norm": 1.0,
  "prompt": "add black sunglasses",
  "psnr_to_original": 30.849957930823845,
  "rolling_enabled": 1,
  "rolling_grad_norm": 0.0019213526975363493,
  "rolling_max_disp": 0.4144696295261383,
  "rolling_mean_disp": 0.2649383246898651,
  "rolling_num_at_max": 0,
  "rolling_num_at_min": 0,
  "rolling_p95_disp": 0.41319769620895386,
  "rolling_param_max": 0.37452980875968933,
  "rolling_param_mean_abs": 0.22466666996479034,
  "rolling_param_min": 0.07480353116989136,
  "seconds_elapsed": 2984.8700826410204,
  "seconds_iter": 7.858403611928225,
  "seed": 67119,
  "smoothness_tv": 0.01952943205833435,
  "ssim_to_original": 0.9937866926193237,
  "total_geometry_grad_norm": 0.013992058113217354,
  "total_grad_norm": 0.013992058113217354,
  "tps_enabled": 1,
  "tps_grad_norm": 0.009393625892698765,
  "tps_max_disp": 2.8337514400482178,
  "tps_mean_disp": 0.570002555847168,
  "tps_num_at_max": 0,
  "tps_num_at_min": 0,
  "tps_p95_disp": 1.676611065864563,
  "tps_param_max": 2.003866672515869,
  "tps_param_mean_abs": 0.31814199686050415,
  "tps_param_min": -0.8927367329597473
}
