{
  "Z": 0.8886710405349731,
  "best_Z_so_far": 0.8836501240730286,
  "best_iter_so_far": 81,
  "case_id": "face_002__add_black_sunglasses",
  "clean_edit_embedding_norm": 1.0,
  "combined_max_disp_px": 3.708604097366333,
  "combined_mean_disp_px": 0.8460929989814758,
  "combined_p95_disp_px": 1.8647946119308472,
  "components_at_boundary": "dct",
  "dct_clipped_high_fraction": 1.52587890625e-05,
  "dct_clipped_low_fraction": 0.00213623046875,
  "dct_coefficient_delta_l1": 0.00486890971660614,
  "dct_coefficient_delta_l2": 0.016142213717103004,
  "dct_dc_energy": 21.751882553100586,
  "dct_enabled": 1,
  "dct_frequency_mask_mode": "all_ac",
  "dct_gain_grad_norm": 0.009253080002963543,
  "dct_gain_l2": 5.819111347198486,
  "dct_gain_max": 0.5,
  "dct_gain_mean": 0.06585539877414703,
  "dct_gain_mean_abs": 0.397558331489563,
  "dct_gain_min": -0.5,
  "dct_high_frequency_energy_after": 5.7170705986209214e-05,
  "dct_high_frequency_energy_before": 4.3202668166486546e-05,
  "dct_input_coefficient_energy": 0.3422393202781677,
  "dct_low_frequency_energy_after": 0.014712365344166756,
  "dct_low_frequency_energy_before": 0.01536710187792778,
  "dct_mid_frequency_energy_after": 0.00042537719127722085,
  "dct_mid_frequency_energy_before": 0.00045845561544410884,
  "dct_num_at_max": 55,
  "dct_num_at_min": 35,
  "dct_num_clamped": 90,
  "dct_output_coefficient_energy": 0.3421398997306824,
  "dct_relative_energy_change": -0.00029050008743070066,
  "dct_selected_frequency_count": 189,
  "dct_spatial_delta_l1": 0.009505994617938995,
  "dct_spatial_delta_l2": 0.016099683940410614,
  "dct_spatial_delta_max_abs": 0.2776777744293213,
  "dct_spatial_delta_mse": 0.0002591998199932277,
  "delaunay_enabled": 1,
  "delaunay_grad_norm": 0.0032988018356263638,
  "delaunay_max_disp": 4.147093772888184,
  "delaunay_mean_disp": 0.7393181324005127,
  "delaunay_num_at_max": 0,
  "delaunay_num_at_min": 0,
  "delaunay_p95_disp": 2.12148118019104,
  "delaunay_param_max": 4.034328937530518,
  "delaunay_param_mean_abs": 0.6718783378601074,
  "delaunay_param_min": -2.852932929992676,
  "edit_identity_angle_degrees": 27.293277740478516,
  "edit_identity_angle_radians": 0.4763575494289398,
  "edit_identity_cosine_distance": 0.11132895946502686,
  "edit_identity_cosine_similarity_raw": 0.8886710405349731,
  "edit_identity_l2_embedding_distance": 0.47186657786369324,
  "edit_identity_similarity_score_pct": 88.86710357666016,
  "editor_num_inference_steps": 20,
  "face_id": "face_002",
  "fft_phase_enabled": 0,
  "fft_phase_grad_norm": 0.0,
  "fft_phase_max_abs": 0.0,
  "fft_phase_mean_abs": 0.0,
  "fft_phase_norm": 0.0,
  "fft_phase_num_at_max": 0,
  "fft_phase_num_at_min": 0,
  "fft_phase_num_clamped": 0,
  "fft_spatial_delta_mse": 0.0,
  "foldover_fraction": 0.0,
  "fraction_clamped_total": 0.30927835051546393,
  "identity_angle_degrees": 27.293277740478516,
  "identity_angle_radians": 0.4763575494289398,
  "identity_cosine_distance": 0.11132895946502686,
  "identity_cosine_similarity_raw": 0.8886710405349731,
  "identity_l2_embedding_distance": 0.47186657786369324,
  "identity_similarity_score_pct": 88.86710357666016,
  "iter": 800,
  "jacobian_det_min": 0.9181062579154968,
  "l2_to_original": 0.03196382895112038,
  "learning_rate": 0.05,
  "legacy_fft_strength_equivalent": 0.0,
  "loss": 0.8886710405349731,
  "mse_to_original": 0.0010216864757239819,
  "num_at_max_total": 55,
  "num_at_min_total": 35,
  "num_clamped_total": 90,
  "num_total_params": 291,
  "original_embedding_norm": 1.0,
  "peak_vram_gb": 5.321223258972168,
  "perturbed_edit_embedding_norm": 1.0,
  "perturbed_embedding_norm": 1.0,
  "prompt": "add black sunglasses",
  "psnr_to_original": 29.906823554271696,
  "rolling_enabled": 1,
  "rolling_grad_norm": 0.0008836369379423559,
  "rolling_max_disp": 0.5239925980567932,
  "rolling_mean_disp": 0.3054504990577698,
  "rolling_num_at_max": 0,
  "rolling_num_at_min": 0,
  "rolling_p95_disp": 0.513935923576355,
  "rolling_param_max": 0.8521251082420349,
  "rolling_param_mean_abs": 0.7929331064224243,
  "rolling_param_min": -0.7337411642074585,
  "seconds_elapsed": 6168.366335425526,
  "seconds_iter": 6.28929309733212,
  "seed": 250852,
  "smoothness_tv": 0.023839689791202545,
  "ssim_to_original": 0.9922000169754028,
  "total_geometry_grad_norm": 0.010659238323569298,
  "total_grad_norm": 0.010659238323569298,
  "tps_enabled": 1,
  "tps_grad_norm": 0.0040419017896056175,
  "tps_max_disp": 2.3651132583618164,
  "tps_mean_disp": 0.5314419865608215,
  "tps_num_at_max": 0,
  "tps_num_at_min": 0,
  "tps_p95_disp": 1.4466190338134766,
  "tps_param_max": 1.700893521308899,
  "tps_param_mean_abs": 0.359201580286026,
  "tps_param_min": -1.92902410030365
}
