{
  "Z": 0.8907693028450012,
  "best_Z_so_far": 0.8887110948562622,
  "best_iter_so_far": 1349,
  "case_id": "face_005__add_black_sunglasses",
  "clean_edit_embedding_norm": 0.9999999403953552,
  "combined_max_disp_px": 5.469904899597168,
  "combined_mean_disp_px": 1.057549238204956,
  "combined_p95_disp_px": 2.9428110122680664,
  "components_at_boundary": "dct",
  "dct_clipped_high_fraction": 0.0080019636079669,
  "dct_clipped_low_fraction": 0.0008989970083348453,
  "dct_coefficient_delta_l1": 0.00475302804261446,
  "dct_coefficient_delta_l2": 0.017650097608566284,
  "dct_dc_energy": 24.627365112304688,
  "dct_enabled": 1,
  "dct_frequency_mask_mode": "all_ac",
  "dct_gain_grad_norm": 0.010924671776592731,
  "dct_gain_l2": 6.213031768798828,
  "dct_gain_max": 0.5,
  "dct_gain_mean": 0.03825616464018822,
  "dct_gain_mean_abs": 0.4339662790298462,
  "dct_gain_min": -0.5,
  "dct_high_frequency_energy_after": 2.971614412672352e-05,
  "dct_high_frequency_energy_before": 2.9702248866669834e-05,
  "dct_input_coefficient_energy": 0.3868764340877533,
  "dct_low_frequency_energy_after": 0.01441690232604742,
  "dct_low_frequency_energy_before": 0.013881376944482327,
  "dct_mid_frequency_energy_after": 0.0002989762870129198,
  "dct_mid_frequency_energy_before": 0.0002677605953067541,
  "dct_num_at_max": 73,
  "dct_num_at_min": 55,
  "dct_num_clamped": 128,
  "dct_output_coefficient_energy": 0.3869644105434418,
  "dct_relative_energy_change": 0.00022740194981452078,
  "dct_selected_frequency_count": 189,
  "dct_spatial_delta_l1": 0.010195916518568993,
  "dct_spatial_delta_l2": 0.017538944259285927,
  "dct_spatial_delta_max_abs": 0.28488337993621826,
  "dct_spatial_delta_mse": 0.00030761456582695246,
  "delaunay_enabled": 1,
  "delaunay_grad_norm": 0.004500229377299547,
  "delaunay_max_disp": 4.268779277801514,
  "delaunay_mean_disp": 0.7272307276725769,
  "delaunay_num_at_max": 0,
  "delaunay_num_at_min": 0,
  "delaunay_p95_disp": 2.254798412322998,
  "delaunay_param_max": 4.22587776184082,
  "delaunay_param_mean_abs": 0.6751797199249268,
  "delaunay_param_min": -1.4010523557662964,
  "edit_identity_angle_degrees": 27.029924392700195,
  "edit_identity_angle_radians": 0.47176116704940796,
  "edit_identity_cosine_distance": 0.10923069715499878,
  "edit_identity_cosine_similarity_raw": 0.8907693028450012,
  "edit_identity_l2_embedding_distance": 0.4673987030982971,
  "edit_identity_similarity_score_pct": 89.0769271850586,
  "editor_num_inference_steps": 20,
  "face_id": "face_005",
  "fft_phase_enabled": 0,
  "fft_phase_grad_norm": 0.0,
  "fft_phase_max_abs": 0.0,
  "fft_phase_mean_abs": 0.0,
  "fft_phase_norm": 0.0,
  "fft_phase_num_at_max": 0,
  "fft_phase_num_at_min": 0,
  "fft_phase_num_clamped": 0,
  "fft_spatial_delta_mse": 0.0,
  "foldover_fraction": 0.0,
  "fraction_clamped_total": 0.43986254295532645,
  "identity_angle_degrees": 27.029924392700195,
  "identity_angle_radians": 0.47176116704940796,
  "identity_cosine_distance": 0.10923069715499878,
  "identity_cosine_similarity_raw": 0.8907693028450012,
  "identity_l2_embedding_distance": 0.4673987030982971,
  "identity_similarity_score_pct": 89.0769271850586,
  "iter": 1650,
  "jacobian_det_min": 0.9355410933494568,
  "l2_to_original": 0.030878348276019096,
  "learning_rate": 0.05,
  "legacy_fft_strength_equivalent": 0.0,
  "loss": 0.8907693028450012,
  "mse_to_original": 0.0009534723940305412,
  "num_at_max_total": 73,
  "num_at_min_total": 55,
  "num_clamped_total": 128,
  "num_total_params": 291,
  "original_embedding_norm": 0.9999999403953552,
  "peak_vram_gb": 5.326680660247803,
  "perturbed_edit_embedding_norm": 1.0,
  "perturbed_embedding_norm": 1.0,
  "prompt": "add black sunglasses",
  "psnr_to_original": 30.206918766019953,
  "rolling_enabled": 1,
  "rolling_grad_norm": 0.0010337786516174674,
  "rolling_max_disp": 0.3010977506637573,
  "rolling_mean_disp": 0.11169707030057907,
  "rolling_num_at_max": 0,
  "rolling_num_at_min": 0,
  "rolling_p95_disp": 0.27903008460998535,
  "rolling_param_max": 0.07334031164646149,
  "rolling_param_mean_abs": 0.2011071741580963,
  "rolling_param_min": -0.32887402176856995,
  "seconds_elapsed": 10538.020568557084,
  "seconds_iter": 6.025151651352644,
  "seed": 67119,
  "smoothness_tv": 0.026189293712377548,
  "ssim_to_original": 0.9928042888641357,
  "total_geometry_grad_norm": 0.01303116511553526,
  "total_grad_norm": 0.01303116511553526,
  "tps_enabled": 1,
  "tps_grad_norm": 0.005398338660597801,
  "tps_max_disp": 4.041959285736084,
  "tps_mean_disp": 0.9645389318466187,
  "tps_num_at_max": 0,
  "tps_num_at_min": 0,
  "tps_p95_disp": 2.658674478530884,
  "tps_param_max": 2.0770657062530518,
  "tps_param_mean_abs": 0.47925806045532227,
  "tps_param_min": -3.7967658042907715
}
