{
  "Z": 0.8721396923065186,
  "best_Z_so_far": 0.869856595993042,
  "best_iter_so_far": 329,
  "case_id": "face_005__add_headphones",
  "clean_edit_embedding_norm": 1.0,
  "combined_max_disp_px": 4.725644588470459,
  "combined_mean_disp_px": 1.0201914310455322,
  "combined_p95_disp_px": 3.1029136180877686,
  "components_at_boundary": "dct",
  "dct_clipped_high_fraction": 0.0092748012393713,
  "dct_clipped_low_fraction": 0.0012664794921875,
  "dct_coefficient_delta_l1": 0.004331532400101423,
  "dct_coefficient_delta_l2": 0.016353657469153404,
  "dct_dc_energy": 24.59387969970703,
  "dct_enabled": 1,
  "dct_frequency_mask_mode": "all_ac",
  "dct_gain_grad_norm": 0.005817755591124296,
  "dct_gain_l2": 6.082975387573242,
  "dct_gain_max": 0.5,
  "dct_gain_mean": 0.00013729440979659557,
  "dct_gain_mean_abs": 0.4208875596523285,
  "dct_gain_min": -0.5,
  "dct_high_frequency_energy_after": 2.9860568247386254e-05,
  "dct_high_frequency_energy_before": 3.0748411518288776e-05,
  "dct_input_coefficient_energy": 0.386373370885849,
  "dct_low_frequency_energy_after": 0.019166775047779083,
  "dct_low_frequency_energy_before": 0.014020438306033611,
  "dct_mid_frequency_energy_after": 0.00040182771044783294,
  "dct_mid_frequency_energy_before": 0.0002680162142496556,
  "dct_num_at_max": 56,
  "dct_num_at_min": 57,
  "dct_num_clamped": 113,
  "dct_output_coefficient_energy": 0.38715100288391113,
  "dct_relative_energy_change": 0.002012643963098526,
  "dct_selected_frequency_count": 189,
  "dct_spatial_delta_l1": 0.00924789160490036,
  "dct_spatial_delta_l2": 0.01609814539551735,
  "dct_spatial_delta_max_abs": 0.29095515608787537,
  "dct_spatial_delta_mse": 0.0002591503143776208,
  "delaunay_enabled": 1,
  "delaunay_grad_norm": 0.003044469514861703,
  "delaunay_max_disp": 2.459953784942627,
  "delaunay_mean_disp": 0.5471375584602356,
  "delaunay_num_at_max": 0,
  "delaunay_num_at_min": 0,
  "delaunay_p95_disp": 1.5325711965560913,
  "delaunay_param_max": 1.9173191785812378,
  "delaunay_param_mean_abs": 0.49096938967704773,
  "delaunay_param_min": -2.4156129360198975,
  "edit_identity_angle_degrees": 29.29175567626953,
  "edit_identity_angle_radians": 0.5112375617027283,
  "edit_identity_cosine_distance": 0.12786030769348145,
  "edit_identity_cosine_similarity_raw": 0.8721396923065186,
  "edit_identity_l2_embedding_distance": 0.5056883692741394,
  "edit_identity_similarity_score_pct": 87.2139663696289,
  "editor_num_inference_steps": 20,
  "face_id": "face_005",
  "fft_phase_enabled": 0,
  "fft_phase_grad_norm": 0.0,
  "fft_phase_max_abs": 0.0,
  "fft_phase_mean_abs": 0.0,
  "fft_phase_norm": 0.0,
  "fft_phase_num_at_max": 0,
  "fft_phase_num_at_min": 0,
  "fft_phase_num_clamped": 0,
  "fft_spatial_delta_mse": 0.0,
  "foldover_fraction": 0.0,
  "fraction_clamped_total": 0.38831615120274915,
  "identity_angle_degrees": 29.29175567626953,
  "identity_angle_radians": 0.5112375617027283,
  "identity_cosine_distance": 0.12786030769348145,
  "identity_cosine_similarity_raw": 0.8721396923065186,
  "identity_l2_embedding_distance": 0.5056883692741394,
  "identity_similarity_score_pct": 87.2139663696289,
  "iter": 600,
  "jacobian_det_min": 0.9204630851745605,
  "l2_to_original": 0.027056457474827766,
  "learning_rate": 0.05,
  "legacy_fft_strength_equivalent": 0.0,
  "loss": 0.8721396923065186,
  "mse_to_original": 0.000732051907107234,
  "num_at_max_total": 56,
  "num_at_min_total": 57,
  "num_clamped_total": 113,
  "num_total_params": 291,
  "original_embedding_norm": 1.0,
  "peak_vram_gb": 5.326680660247803,
  "perturbed_edit_embedding_norm": 0.9999999403953552,
  "perturbed_embedding_norm": 0.9999999403953552,
  "prompt": "add headphones",
  "psnr_to_original": 31.354581236260273,
  "rolling_enabled": 1,
  "rolling_grad_norm": 0.0014925887808203697,
  "rolling_max_disp": 0.1785334348678589,
  "rolling_mean_disp": 0.10399916768074036,
  "rolling_num_at_max": 0,
  "rolling_num_at_min": 0,
  "rolling_p95_disp": 0.17755654454231262,
  "rolling_param_max": 0.2831994891166687,
  "rolling_param_mean_abs": 0.25624585151672363,
  "rolling_param_min": -0.22929222881793976,
  "seconds_elapsed": 3500.8665404040366,
  "seconds_iter": 5.627935338765383,
  "seed": 405993,
  "smoothness_tv": 0.021572869271039963,
  "ssim_to_original": 0.9945017695426941,
  "total_geometry_grad_norm": 0.007491894066333771,
  "total_grad_norm": 0.007491894066333771,
  "tps_enabled": 1,
  "tps_grad_norm": 0.0032841411884874105,
  "tps_max_disp": 2.932403564453125,
  "tps_mean_disp": 0.7862412929534912,
  "tps_num_at_max": 0,
  "tps_num_at_min": 0,
  "tps_p95_disp": 2.1153171062469482,
  "tps_param_max": 2.527024030685425,
  "tps_param_mean_abs": 0.4876420497894287,
  "tps_param_min": -2.452364921569824
}
