{
  "Z": 0.883318305015564,
  "best_Z_so_far": 0.8822601437568665,
  "best_iter_so_far": 309,
  "case_id": "face_002__add_headphones",
  "clean_edit_embedding_norm": 1.0,
  "combined_max_disp_px": 2.961927652359009,
  "combined_mean_disp_px": 0.6355587244033813,
  "combined_p95_disp_px": 1.473356008529663,
  "components_at_boundary": "dct",
  "dct_clipped_high_fraction": 2.543131631682627e-05,
  "dct_clipped_low_fraction": 0.0018946330528706312,
  "dct_coefficient_delta_l1": 0.005547830369323492,
  "dct_coefficient_delta_l2": 0.01909804344177246,
  "dct_dc_energy": 21.73894691467285,
  "dct_enabled": 1,
  "dct_frequency_mask_mode": "all_ac",
  "dct_gain_grad_norm": 0.00591747323051095,
  "dct_gain_l2": 6.24265193939209,
  "dct_gain_max": 0.5,
  "dct_gain_mean": -0.04377678409218788,
  "dct_gain_mean_abs": 0.4357421100139618,
  "dct_gain_min": -0.5,
  "dct_high_frequency_energy_after": 5.8172161516267806e-05,
  "dct_high_frequency_energy_before": 5.5446373153245077e-05,
  "dct_input_coefficient_energy": 0.34205541014671326,
  "dct_low_frequency_energy_after": 0.01428314670920372,
  "dct_low_frequency_energy_before": 0.015362026169896126,
  "dct_mid_frequency_energy_after": 0.0006217970512807369,
  "dct_mid_frequency_energy_before": 0.0004918902995996177,
  "dct_num_at_max": 61,
  "dct_num_at_min": 69,
  "dct_num_clamped": 130,
  "dct_output_coefficient_energy": 0.3419576585292816,
  "dct_relative_energy_change": -0.00028577714692801237,
  "dct_selected_frequency_count": 189,
  "dct_spatial_delta_l1": 0.010977519676089287,
  "dct_spatial_delta_l2": 0.0190037302672863,
  "dct_spatial_delta_max_abs": 0.3936075270175934,
  "dct_spatial_delta_mse": 0.00036114174872636795,
  "delaunay_enabled": 1,
  "delaunay_grad_norm": 0.0032397413160651922,
  "delaunay_max_disp": 1.9581671953201294,
  "delaunay_mean_disp": 0.406265527009964,
  "delaunay_num_at_max": 0,
  "delaunay_num_at_min": 0,
  "delaunay_p95_disp": 1.1372623443603516,
  "delaunay_param_max": 1.9258692264556885,
  "delaunay_param_mean_abs": 0.47224605083465576,
  "delaunay_param_min": -1.2933162450790405,
  "edit_identity_angle_degrees": 27.954723358154297,
  "edit_identity_angle_radians": 0.4879019558429718,
  "edit_identity_cosine_distance": 0.11668169498443604,
  "edit_identity_cosine_similarity_raw": 0.883318305015564,
  "edit_identity_l2_embedding_distance": 0.48307693004608154,
  "edit_identity_similarity_score_pct": 88.33183288574219,
  "editor_num_inference_steps": 20,
  "face_id": "face_002",
  "fft_phase_enabled": 0,
  "fft_phase_grad_norm": 0.0,
  "fft_phase_max_abs": 0.0,
  "fft_phase_mean_abs": 0.0,
  "fft_phase_norm": 0.0,
  "fft_phase_num_at_max": 0,
  "fft_phase_num_at_min": 0,
  "fft_phase_num_clamped": 0,
  "fft_spatial_delta_mse": 0.0,
  "foldover_fraction": 0.0,
  "fraction_clamped_total": 0.44673539518900346,
  "identity_angle_degrees": 27.954723358154297,
  "identity_angle_radians": 0.4879019558429718,
  "identity_cosine_distance": 0.11668169498443604,
  "identity_cosine_similarity_raw": 0.883318305015564,
  "identity_l2_embedding_distance": 0.48307693004608154,
  "identity_similarity_score_pct": 88.33183288574219,
  "iter": 325,
  "jacobian_det_min": 0.9679885506629944,
  "l2_to_original": 0.030768433585762978,
  "learning_rate": 0.05,
  "legacy_fft_strength_equivalent": 0.0,
  "loss": 0.883318305015564,
  "mse_to_original": 0.0009466964984312654,
  "num_at_max_total": 61,
  "num_at_min_total": 69,
  "num_clamped_total": 130,
  "num_total_params": 291,
  "original_embedding_norm": 1.0,
  "peak_vram_gb": 5.326680660247803,
  "perturbed_edit_embedding_norm": 1.0,
  "perturbed_embedding_norm": 1.0,
  "prompt": "add headphones",
  "psnr_to_original": 30.237892292149265,
  "rolling_enabled": 1,
  "rolling_grad_norm": 0.00461951456964016,
  "rolling_max_disp": 0.1761014312505722,
  "rolling_mean_disp": 0.0540931299328804,
  "rolling_num_at_max": 0,
  "rolling_num_at_min": 0,
  "rolling_p95_disp": 0.16114836931228638,
  "rolling_param_max": 0.20203228294849396,
  "rolling_param_mean_abs": 0.13044215738773346,
  "rolling_param_min": -0.058852024376392365,
  "seconds_elapsed": 2396.6275911703706,
  "seconds_iter": 7.28751583956182,
  "seed": 438717,
  "smoothness_tv": 0.013141925446689129,
  "ssim_to_original": 0.9927721619606018,
  "total_geometry_grad_norm": 0.008916063234210014,
  "total_grad_norm": 0.008916063234210014,
  "tps_enabled": 1,
  "tps_grad_norm": 0.0035558200906962156,
  "tps_max_disp": 1.8696396350860596,
  "tps_mean_disp": 0.5363799333572388,
  "tps_num_at_max": 0,
  "tps_num_at_min": 0,
  "tps_p95_disp": 1.3090660572052002,
  "tps_param_max": 1.3136651515960693,
  "tps_param_mean_abs": 0.33927401900291443,
  "tps_param_min": -1.833544373512268
}
