{
  "Z": 0.8736673593521118,
  "best_Z_so_far": 0.8731017112731934,
  "best_iter_so_far": 14,
  "case_id": "face_005__add_headphones",
  "clean_edit_embedding_norm": 1.0,
  "combined_max_disp_px": 2.548386812210083,
  "combined_mean_disp_px": 0.5099773406982422,
  "combined_p95_disp_px": 1.4076663255691528,
  "components_at_boundary": "dct",
  "dct_clipped_high_fraction": 0.00875727366656065,
  "dct_clipped_low_fraction": 0.0008036295766942203,
  "dct_coefficient_delta_l1": 0.003055114299058914,
  "dct_coefficient_delta_l2": 0.012243326753377914,
  "dct_dc_energy": 24.594438552856445,
  "dct_enabled": 1,
  "dct_frequency_mask_mode": "all_ac",
  "dct_gain_grad_norm": 0.011502915993332863,
  "dct_gain_l2": 4.750465393066406,
  "dct_gain_max": 0.5,
  "dct_gain_mean": -0.021729998290538788,
  "dct_gain_mean_abs": 0.3026604950428009,
  "dct_gain_min": -0.5,
  "dct_high_frequency_energy_after": 3.910160739906132e-05,
  "dct_high_frequency_energy_before": 3.28549649566412e-05,
  "dct_input_coefficient_energy": 0.38636621832847595,
  "dct_low_frequency_energy_after": 0.016802845522761345,
  "dct_low_frequency_energy_before": 0.01387993898242712,
  "dct_mid_frequency_energy_after": 0.00031824022880755365,
  "dct_mid_frequency_energy_before": 0.0002754448214545846,
  "dct_num_at_max": 25,
  "dct_num_at_min": 15,
  "dct_num_clamped": 40,
  "dct_output_coefficient_energy": 0.38679739832878113,
  "dct_relative_energy_change": 0.0011159878922626376,
  "dct_selected_frequency_count": 189,
  "dct_spatial_delta_l1": 0.00667151203379035,
  "dct_spatial_delta_l2": 0.012094941921532154,
  "dct_spatial_delta_max_abs": 0.2503092586994171,
  "dct_spatial_delta_mse": 0.00014628760982304811,
  "delaunay_enabled": 1,
  "delaunay_grad_norm": 0.0018072928069159389,
  "delaunay_max_disp": 1.7364140748977661,
  "delaunay_mean_disp": 0.2925298511981964,
  "delaunay_num_at_max": 0,
  "delaunay_num_at_min": 0,
  "delaunay_p95_disp": 0.8864371180534363,
  "delaunay_param_max": 1.6812690496444702,
  "delaunay_param_mean_abs": 0.37085235118865967,
  "delaunay_param_min": -1.1434398889541626,
  "edit_identity_angle_degrees": 29.112350463867188,
  "edit_identity_angle_radians": 0.5081063508987427,
  "edit_identity_cosine_distance": 0.12633264064788818,
  "edit_identity_cosine_similarity_raw": 0.8736673593521118,
  "edit_identity_l2_embedding_distance": 0.5026583075523376,
  "edit_identity_similarity_score_pct": 87.36673736572266,
  "editor_num_inference_steps": 20,
  "face_id": "face_005",
  "fft_phase_enabled": 0,
  "fft_phase_grad_norm": 0.0,
  "fft_phase_max_abs": 0.0,
  "fft_phase_mean_abs": 0.0,
  "fft_phase_norm": 0.0,
  "fft_phase_num_at_max": 0,
  "fft_phase_num_at_min": 0,
  "fft_phase_num_clamped": 0,
  "fft_spatial_delta_mse": 0.0,
  "foldover_fraction": 0.0,
  "fraction_clamped_total": 0.13745704467353953,
  "identity_angle_degrees": 29.112350463867188,
  "identity_angle_radians": 0.5081063508987427,
  "identity_cosine_distance": 0.12633264064788818,
  "identity_cosine_similarity_raw": 0.8736673593521118,
  "identity_l2_embedding_distance": 0.5026583075523376,
  "identity_similarity_score_pct": 87.36673736572266,
  "iter": 25,
  "jacobian_det_min": 0.9581310153007507,
  "l2_to_original": 0.017887530848383904,
  "learning_rate": 0.05,
  "legacy_fft_strength_equivalent": 0.0,
  "loss": 0.8736673593521118,
  "mse_to_original": 0.0003199637576472014,
  "num_at_max_total": 25,
  "num_at_min_total": 15,
  "num_clamped_total": 40,
  "num_total_params": 291,
  "original_embedding_norm": 1.0,
  "peak_vram_gb": 5.326680660247803,
  "perturbed_edit_embedding_norm": 0.9999999403953552,
  "perturbed_embedding_norm": 0.9999999403953552,
  "prompt": "add headphones",
  "psnr_to_original": 34.948992115089254,
  "rolling_enabled": 1,
  "rolling_grad_norm": 0.0035483369138091803,
  "rolling_max_disp": 0.05389063060283661,
  "rolling_mean_disp": 0.037213556468486786,
  "rolling_num_at_max": 0,
  "rolling_num_at_min": 0,
  "rolling_p95_disp": 0.0537845604121685,
  "rolling_param_max": 0.02361259050667286,
  "rolling_param_mean_abs": 0.023072712123394012,
  "rolling_param_min": 0.022532831877470016,
  "seconds_elapsed": 147.2641710471362,
  "seconds_iter": 5.885068364441395,
  "seed": 405993,
  "smoothness_tv": 0.009228255599737167,
  "ssim_to_original": 0.9975892305374146,
  "total_geometry_grad_norm": 0.01234164834022522,
  "total_grad_norm": 0.01234164834022522,
  "tps_enabled": 1,
  "tps_grad_norm": 0.0020352418068796396,
  "tps_max_disp": 1.0008045434951782,
  "tps_mean_disp": 0.2808549702167511,
  "tps_num_at_max": 0,
  "tps_num_at_min": 0,
  "tps_p95_disp": 0.7964512705802917,
  "tps_param_max": 0.8559541702270508,
  "tps_param_mean_abs": 0.24617303907871246,
  "tps_param_min": -0.867646336555481
}
