{
  "Z": 0.8850346803665161,
  "best_Z_so_far": 0.8822601437568665,
  "best_iter_so_far": 309,
  "case_id": "face_002__add_headphones",
  "clean_edit_embedding_norm": 1.0,
  "combined_max_disp_px": 2.9791319370269775,
  "combined_mean_disp_px": 0.673060417175293,
  "combined_p95_disp_px": 1.5680294036865234,
  "components_at_boundary": "dct",
  "dct_clipped_high_fraction": 2.288818359375e-05,
  "dct_clipped_low_fraction": 0.0020001730881631374,
  "dct_coefficient_delta_l1": 0.005640808492898941,
  "dct_coefficient_delta_l2": 0.019436240196228027,
  "dct_dc_energy": 21.739540100097656,
  "dct_enabled": 1,
  "dct_frequency_mask_mode": "all_ac",
  "dct_gain_grad_norm": 0.00740079628303647,
  "dct_gain_l2": 6.301342010498047,
  "dct_gain_max": 0.5,
  "dct_gain_mean": -0.034132592380046844,
  "dct_gain_mean_abs": 0.4411352574825287,
  "dct_gain_min": -0.5,
  "dct_high_frequency_energy_after": 5.49252908967901e-05,
  "dct_high_frequency_energy_before": 5.401681482908316e-05,
  "dct_input_coefficient_energy": 0.34206295013427734,
  "dct_low_frequency_energy_after": 0.014381693676114082,
  "dct_low_frequency_energy_before": 0.015360900200903416,
  "dct_mid_frequency_energy_after": 0.0006102396291680634,
  "dct_mid_frequency_energy_before": 0.0004895445890724659,
  "dct_num_at_max": 63,
  "dct_num_at_min": 74,
  "dct_num_clamped": 137,
  "dct_output_coefficient_energy": 0.3419747054576874,
  "dct_relative_energy_change": -0.00025797789567150176,
  "dct_selected_frequency_count": 189,
  "dct_spatial_delta_l1": 0.011251498013734818,
  "dct_spatial_delta_l2": 0.0193376112729311,
  "dct_spatial_delta_max_abs": 0.3817511796951294,
  "dct_spatial_delta_mse": 0.000373943243175745,
  "delaunay_enabled": 1,
  "delaunay_grad_norm": 0.003692095633596182,
  "delaunay_max_disp": 2.017674684524536,
  "delaunay_mean_disp": 0.45531606674194336,
  "delaunay_num_at_max": 0,
  "delaunay_num_at_min": 0,
  "delaunay_p95_disp": 1.2535488605499268,
  "delaunay_param_max": 1.8357096910476685,
  "delaunay_param_mean_abs": 0.4991179406642914,
  "delaunay_param_min": -1.6297056674957275,
  "edit_identity_angle_degrees": 27.744211196899414,
  "edit_identity_angle_radians": 0.48422783613204956,
  "edit_identity_cosine_distance": 0.11496531963348389,
  "edit_identity_cosine_similarity_raw": 0.8850346803665161,
  "edit_identity_l2_embedding_distance": 0.47951096296310425,
  "edit_identity_similarity_score_pct": 88.50347137451172,
  "editor_num_inference_steps": 20,
  "face_id": "face_002",
  "fft_phase_enabled": 0,
  "fft_phase_grad_norm": 0.0,
  "fft_phase_max_abs": 0.0,
  "fft_phase_mean_abs": 0.0,
  "fft_phase_norm": 0.0,
  "fft_phase_num_at_max": 0,
  "fft_phase_num_at_min": 0,
  "fft_phase_num_clamped": 0,
  "fft_spatial_delta_mse": 0.0,
  "foldover_fraction": 0.0,
  "fraction_clamped_total": 0.47079037800687284,
  "identity_angle_degrees": 27.744211196899414,
  "identity_angle_radians": 0.48422783613204956,
  "identity_cosine_distance": 0.11496531963348389,
  "identity_cosine_similarity_raw": 0.8850346803665161,
  "identity_l2_embedding_distance": 0.47951096296310425,
  "identity_similarity_score_pct": 88.50347137451172,
  "iter": 900,
  "jacobian_det_min": 0.966352105140686,
  "l2_to_original": 0.031284645199775696,
  "learning_rate": 0.05,
  "legacy_fft_strength_equivalent": 0.0,
  "loss": 0.8850346803665161,
  "mse_to_original": 0.000978729105554521,
  "num_at_max_total": 63,
  "num_at_min_total": 74,
  "num_clamped_total": 137,
  "num_total_params": 291,
  "original_embedding_norm": 1.0,
  "peak_vram_gb": 5.326680660247803,
  "perturbed_edit_embedding_norm": 0.9999999403953552,
  "perturbed_embedding_norm": 0.9999999403953552,
  "prompt": "add headphones",
  "psnr_to_original": 30.093374963917118,
  "rolling_enabled": 1,
  "rolling_grad_norm": 0.0036856764927506447,
  "rolling_max_disp": 0.09356347471475601,
  "rolling_mean_disp": 0.0638866275548935,
  "rolling_num_at_max": 0,
  "rolling_num_at_min": 0,
  "rolling_p95_disp": 0.09346411377191544,
  "rolling_param_max": 0.08951130509376526,
  "rolling_param_mean_abs": 0.06648162007331848,
  "rolling_param_min": 0.043451931327581406,
  "seconds_elapsed": 6544.906393826008,
  "seconds_iter": 7.510337205603719,
  "seed": 438717,
  "smoothness_tv": 0.01368546113371849,
  "ssim_to_original": 0.992527961730957,
  "total_geometry_grad_norm": 0.010103982873260975,
  "total_grad_norm": 0.010103982873260975,
  "tps_enabled": 1,
  "tps_grad_norm": 0.00448362622410059,
  "tps_max_disp": 2.12320876121521,
  "tps_mean_disp": 0.676226019859314,
  "tps_num_at_max": 0,
  "tps_num_at_min": 0,
  "tps_p95_disp": 1.6957814693450928,
  "tps_param_max": 1.80624258518219,
  "tps_param_mean_abs": 0.3877980709075928,
  "tps_param_min": -2.0679478645324707
}
